disease,symptoms
Arthritis,"joint pain, stiffness, swelling"
Appendicitis,"severe abdominal pain, vomiting, fever, loss of appetite"
Hepatitis B,"nausea, abdominal pain, jaundice, joint pain"
Heart Attack,"chest pain, sweating, arm pain"
Common Cold,"runny nose, sore throat, headache"
COVID-19,"fever, fatigue, loss of taste, shortness of breath"
Fungal Infection,"itching, skin peeling, burning sensation"
COVID-19,"fever, loss of taste, shortness of breath"
Obesity,"fatigue, excessive sweating, snoring"
Osteoporosis,"bone pain, fractures, loss of height"
Vitamin B12 Deficiency,"numbness, weakness, dizziness"
Atherosclerosis,"chest pain, shortness of breath, fatigue, numbness in limbs"
Dengue,"severe headache, muscle pain, rash"
Osteoporosis,"bone pain, fractures, back pain, loss of height"
Constipation,"abdominal discomfort, bloating, infrequent stools, hard stools"
Obesity,"fatigue, joint pain, snoring"
Influenza,"chills, cough, muscle pain, headache"
Bell?s Palsy,"facial weakness, drooping eyelid, difficulty speaking, loss of facial expression"
Tuberculosis,"persistent cough, weight loss, fatigue"
Bronchitis,"mucus production, shortness of breath, chest discomfort"
Hepatitis A,"fatigue, nausea, jaundice"
Fungal Infection,"itching, red rash, skin peeling, skin irritation"
Appendicitis,"severe abdominal pain, nausea, vomiting, fever, loss of appetite"
Vertigo,"dizziness, spinning sensation, head movement sensitivity"
Pneumonia,"fever, cough, chest pain, shortness of breath, chills"
Hepatitis A,"nausea, abdominal pain, loss of appetite"
Influenza,"fever, fatigue, muscle pain, headache"
Acne,"pimples, redness, whiteheads"
Gout,"severe joint pain, joint stiffness, warm joints"
Epilepsy,"seizures, confusion, loss of awareness"
Heart Attack,"chest pain, shortness of breath, nausea"
Constipation,"abdominal discomfort, bloating, infrequent stools, straining during bowel movements"
Atherosclerosis,"chest pain, fatigue, leg pain during walking"
Mumps,"swollen glands, headache, muscle pain"
Epilepsy,"seizures, confusion, loss of awareness, uncontrolled jerking movements"
Eczema,"itchy skin, red rash, skin cracking"
Eczema,"itchy skin, dry skin, skin inflammation"
Common Cold,"runny nose, sneezing, cough, congestion"
Gastritis,"abdominal pain, nausea, bloating, loss of appetite"
Malaria,"fever, headache, nausea"
Tuberculosis,"persistent cough, weight loss, fever"
COVID-19,"fever, fatigue, shortness of breath"
Epilepsy,"seizures, confusion, uncontrolled jerking movements"
Hepatitis C,"fatigue, nausea, abdominal discomfort"
Common Cold,"runny nose, sneezing, sore throat, cough, congestion"
COPD,"chronic cough, shortness of breath, chest tightness"
Nephritis,"high blood pressure, foamy urine, fatigue"
Asthma,"wheezing, shortness of breath, cough"
Heart Attack,"shortness of breath, nausea, sweating"
Pneumonia,"cough, chest pain, shortness of breath, fatigue"
Influenza,"fever, chills, cough, fatigue, headache"
Stroke,"sudden weakness, confusion, trouble speaking"
Cellulitis,"skin redness, swelling, warm skin, fever"
Influenza,"fever, chills, fatigue, headache"
Allergic Rhinitis,"sneezing, itchy eyes, nasal congestion"
Gout,"swelling, redness in joints, joint stiffness, warm joints"
Influenza,"fever, cough, muscle pain, headache"
Arthritis,"joint pain, swelling, reduced movement"
Dengue,"high fever, severe headache, rash, nausea"
Heart Failure,"fatigue, swelling in legs, cough"
Urinary Tract Infection,"burning urination, pelvic pain, strong urine odor"
Malaria,"fever, sweating, headache, nausea, fatigue"
Migraine,"headache, nausea, vomiting, blurred vision"
Psoriasis,"red patches, scaly skin, itching"
COVID-19,"fever, dry cough, loss of smell"
Osteoporosis,"bone pain, fractures, back pain"
Dengue,"high fever, joint pain, muscle pain"
Influenza,"chills, fatigue, muscle pain"
Influenza,"chills, cough, fatigue, muscle pain"
Heart Attack,"chest pain, nausea, sweating, arm pain"
Nephritis,"high blood pressure, fatigue, decreased urine output"
Hepatitis C,"fatigue, nausea, jaundice, loss of appetite"
Pericarditis,"fever, weakness, sharp chest pain when breathing, heart palpitations"
Migraine,"headache, nausea, light sensitivity"
Hepatitis B,"fatigue, nausea, joint pain"
Meningitis,"fever, headache, nausea, confusion"
Psoriasis,"red patches, itching, skin dryness"
COVID-19,"fever, dry cough, fatigue, loss of taste"
Epilepsy,"confusion, temporary staring spells, uncontrolled jerking movements"
Anemia,"fatigue, weakness, pale skin"
Gastritis,"nausea, vomiting, loss of appetite"
Epilepsy,"confusion, loss of awareness, temporary staring spells"
Bell?s Palsy,"facial weakness, drooping eyelid, drooling"
Food Poisoning,"nausea, abdominal cramps, fever"
Eczema,"red rash, skin cracking, skin inflammation"
Cardiomyopathy,"fatigue, shortness of breath, swelling in legs, irregular heartbeat"
Urinary Tract Infection,"frequent urination, pelvic pain, cloudy urine"
Fungal Infection,"red rash, skin peeling, burning sensation, skin irritation"
Nephritis,"swelling in face, fatigue, decreased urine output"
Dengue,"high fever, severe headache, joint pain, muscle pain, rash"
Atherosclerosis,"shortness of breath, fatigue, leg pain during walking, numbness in limbs"
Bronchitis,"cough, mucus production, shortness of breath"
Malaria,"fever, headache, fatigue"
Angina,"chest pain, shortness of breath, fatigue, chest tightness, pressure in chest"
Angina,"chest pain, chest tightness, pressure in chest"
Acne,"pimples, skin inflammation, whiteheads, blackheads"
Gout,"severe joint pain, swelling, redness in joints, joint stiffness"
Fungal Infection,"itching, red rash, skin peeling"
Gastritis,"vomiting, bloating, loss of appetite"
Chickenpox,"rash, fever, fatigue"
COPD,"chronic cough, wheezing, fatigue"
Malaria,"fever, chills, nausea"
Muscle Strain,"muscle pain, swelling, muscle stiffness"
Obesity,"shortness of breath, excessive sweating, snoring"
Gastritis,"abdominal pain, vomiting, bloating, loss of appetite"
Pancreatitis,"severe abdominal pain, nausea, vomiting, fever"
Influenza,"cough, muscle pain, sore throat"
COPD,"chronic cough, wheezing, chest tightness"
Bell?s Palsy,"facial weakness, drooping eyelid, loss of facial expression, drooling"
Parkinson?s Disease,"tremor, slow movement, rigidity"
Anemia,"fatigue, weakness, pale skin, shortness of breath"
Dengue,"high fever, joint pain, muscle pain, nausea"
Asthma,"wheezing, shortness of breath, chest tightness, cough"
Urinary Tract Infection,"burning urination, frequent urination, cloudy urine"
Constipation,"abdominal discomfort, infrequent stools, hard stools"
Sinusitis,"facial pain, runny nose, fever"
Measles,"rash, fever, runny nose, red eyes"
Malaria,"chills, headache, nausea"
Anemia,"fatigue, pale skin, shortness of breath"
Malaria,"chills, sweating, headache, fatigue"
Dengue,"severe headache, joint pain, muscle pain, rash"
Influenza,"fever, cough, headache, sore throat"
COVID-19,"fever, loss of smell, loss of taste, shortness of breath"
Food Poisoning,"nausea, diarrhea, abdominal cramps"
Diarrhea,"watery stools, abdominal cramps, nausea, weakness"
Eczema,"itchy skin, red rash, dry skin, skin cracking"
COVID-19,"fever, dry cough, loss of taste, shortness of breath"
Bell?s Palsy,"drooping eyelid, difficulty speaking, drooling"
Tuberculosis,"persistent cough, fever, chest pain"
Measles,"fever, cough, runny nose"
Influenza,"fever, fatigue, headache, sore throat"
Heart Failure,"shortness of breath, fatigue, swelling in legs, cough"
Bronchitis,"cough, fatigue, shortness of breath, chest discomfort"
Hypothyroidism,"fatigue, weight gain, cold sensitivity"
Acne,"pimples, redness, whiteheads, blackheads"
Hepatitis C,"fatigue, abdominal discomfort, jaundice"
Parkinson?s Disease,"tremor, slow movement, balance problems"
Brain Tumor,"persistent headache, vision problems, nausea, seizures"
Influenza,"fever, fatigue, muscle pain, headache, sore throat"
Sinusitis,"headache, facial pain, nasal congestion, runny nose"
Food Poisoning,"vomiting, diarrhea, abdominal cramps"
Irritable Bowel Syndrome,"abdominal pain, diarrhea, constipation"
Vitamin D Deficiency,"fatigue, muscle weakness, bone tenderness, frequent bone fractures"
Kidney Infection,"fever, back pain, nausea, frequent urination"
Psoriasis,"red patches, scaly skin, itching, skin flaking, skin dryness"
Muscle Strain,"muscle pain, muscle stiffness, bruising"
Bronchitis,"cough, fatigue, shortness of breath"
Bell?s Palsy,"facial weakness, difficulty speaking, loss of facial expression"
Malaria,"fever, chills, sweating, nausea"
Measles,"rash, fever, runny nose"
Eczema,"itchy skin, red rash, dry skin, skin inflammation"
Hyperthyroidism,"weight loss, rapid heartbeat, sweating"
Pneumonia,"shortness of breath, chills, fatigue"
Food Poisoning,"diarrhea, abdominal cramps, fever"
GERD,"heartburn, nausea, regurgitation, sore throat"
Pneumonia,"fever, cough, chills, fatigue"
Atherosclerosis,"chest pain, shortness of breath, numbness in limbs"
Constipation,"abdominal discomfort, bloating, hard stools"
Hepatitis C,"nausea, abdominal discomfort, jaundice, loss of appetite"
Common Cold,"runny nose, cough, congestion"
Sinusitis,"headache, facial pain, nasal congestion, fever"
COVID-19,"dry cough, fatigue, loss of taste"
Common Cold,"runny nose, sore throat, cough"
Bell?s Palsy,"facial weakness, drooping eyelid, difficulty speaking"
GERD,"nausea, regurgitation, sore throat"
Vitamin D Deficiency,"bone pain, fatigue, muscle weakness, frequent bone fractures"
Cellulitis,"skin redness, swelling, warm skin"
Vertigo,"balance problems, nausea, head movement sensitivity"
Mumps,"headache, muscle pain, fatigue"
Constipation,"abdominal discomfort, bloating, straining during bowel movements, hard stools"
Nephritis,"high blood pressure, foamy urine, decreased urine output"
Epilepsy,"seizures, loss of awareness, temporary staring spells, uncontrolled jerking movements"
Arthritis,"joint pain, stiffness, reduced movement"
Cellulitis,"skin redness, swelling, pain, warm skin"
Acne,"pimples, redness, skin inflammation, whiteheads, blackheads"
Allergic Rhinitis,"sneezing, runny nose, itchy eyes, nasal congestion, watery eyes"
COPD,"wheezing, fatigue, chest tightness"
Gout,"swelling, redness in joints, warm joints"
COVID-19,"fatigue, loss of taste, shortness of breath"
Food Poisoning,"nausea, diarrhea, fever"
Tuberculosis,"persistent cough, weight loss, fever, chest pain"
Cardiomyopathy,"shortness of breath, irregular heartbeat, dizziness"
Food Poisoning,"nausea, vomiting, fever"
Vertigo,"nausea, spinning sensation, head movement sensitivity"
Malaria,"fever, chills, sweating, headache, nausea"
COPD,"chronic cough, shortness of breath, wheezing, chest tightness"
Asthma,"wheezing, shortness of breath, chest tightness, cough, fatigue"
Eczema,"itchy skin, red rash, dry skin"
Psoriasis,"scaly skin, skin flaking, skin dryness"
Migraine,"headache, nausea, vomiting, light sensitivity, blurred vision"
Influenza,"fever, cough, fatigue, headache"
Common Cold,"sore throat, congestion, headache"
Constipation,"bloating, straining during bowel movements, hard stools"
Influenza,"fever, chills, headache, sore throat"
Tuberculosis,"weight loss, fever, chest pain"
Tuberculosis,"persistent cough, fever, fatigue, chest pain"
Vitamin D Deficiency,"bone pain, muscle weakness, bone tenderness, frequent bone fractures"
Osteoporosis,"bone pain, fractures, stooped posture"
Cardiomyopathy,"fatigue, shortness of breath, swelling in legs, dizziness"
Common Cold,"sneezing, sore throat, cough"
Bell?s Palsy,"facial weakness, difficulty speaking, loss of facial expression, drooling"
Nephritis,"swelling in face, high blood pressure, foamy urine, fatigue, decreased urine output"
Atherosclerosis,"chest pain, fatigue, leg pain during walking, numbness in limbs"
Malaria,"headache, nausea, fatigue"
Stroke,"sudden weakness, confusion, vision problems"
COVID-19,"dry cough, loss of smell, loss of taste"
Fungal Infection,"itching, burning sensation, skin irritation"
Fungal Infection,"red rash, skin peeling, skin irritation"
Cellulitis,"skin redness, swelling, pain"
GERD,"heartburn, chest discomfort, regurgitation"
Migraine,"headache, vomiting, light sensitivity, blurred vision"
Vitamin B12 Deficiency,"fatigue, numbness, weakness"
Brain Tumor,"vision problems, nausea, seizures"
Appendicitis,"severe abdominal pain, fever, loss of appetite"
Cellulitis,"swelling, pain, fever"
Osteoporosis,"fractures, back pain, loss of height, stooped posture"
Typhoid,"prolonged fever, abdominal pain, weakness, loss of appetite"
Rubella,"rash, headache, joint pain"
Heart Failure,"shortness of breath, fatigue, cough"
Muscle Strain,"swelling, muscle stiffness, bruising"
Hypertension,"headache, chest pain, vision problems, fatigue"
Gout,"swelling, redness in joints, joint stiffness"
COPD,"shortness of breath, wheezing, fatigue"
COVID-19,"fever, fatigue, loss of smell, shortness of breath"
Tension Headache,"headache, neck pain, fatigue"
Eczema,"itchy skin, dry skin, skin cracking"
Common Cold,"runny nose, sore throat, cough, congestion"
Typhoid,"prolonged fever, weakness, headache"
COVID-19,"dry cough, fatigue, shortness of breath"
Dengue,"high fever, severe headache, muscle pain, nausea"
COPD,"chronic cough, shortness of breath, wheezing, fatigue, chest tightness"
Tuberculosis,"weight loss, fatigue, chest pain"
Multiple Sclerosis,"numbness, vision problems, fatigue"
Pericarditis,"chest pain, fever, heart palpitations"
Tuberculosis,"persistent cough, night sweats, fever, chest pain"
Osteoporosis,"bone pain, loss of height, stooped posture"
Dengue,"high fever, joint pain, muscle pain, rash"
Chickenpox,"rash, fatigue, loss of appetite, headache"
Nephritis,"swelling in face, high blood pressure, fatigue"
Dengue,"high fever, rash, nausea"
Hepatitis A,"nausea, abdominal pain, jaundice"
Malaria,"fever, chills, fatigue"
Measles,"cough, runny nose, red eyes"
Meningitis,"fever, stiff neck, nausea"
Appendicitis,"severe abdominal pain, nausea, fever"
Malaria,"fever, nausea, fatigue"
COVID-19,"fever, fatigue, loss of smell"
Malaria,"fever, chills, nausea, fatigue"
Chronic Kidney Disease,"fatigue, nausea, loss of appetite"
Tuberculosis,"persistent cough, weight loss, fever, fatigue, chest pain"
Psoriasis,"scaly skin, itching, skin flaking, skin dryness"
Angina,"shortness of breath, chest tightness, pressure in chest"
Common Cold,"sore throat, cough, headache"
Food Poisoning,"nausea, vomiting, diarrhea"
Pneumonia,"chest pain, shortness of breath, chills, fatigue"
Allergic Rhinitis,"sneezing, runny nose, itchy eyes, watery eyes"
Gastritis,"nausea, vomiting, bloating"
Appendicitis,"nausea, vomiting, fever"
Hepatitis A,"fatigue, nausea, loss of appetite, jaundice"
Food Poisoning,"nausea, vomiting, diarrhea, abdominal cramps, fever"
Dengue,"high fever, joint pain, muscle pain, rash, nausea"
Bronchitis,"mucus production, fatigue, shortness of breath"
Obesity,"shortness of breath, joint pain, snoring"
Diabetes Type 1,"frequent urination, increased thirst, fatigue, weight loss"
Mumps,"swollen glands, fever, headache"
Malaria,"chills, sweating, headache, nausea, fatigue"
GERD,"heartburn, chest discomfort, nausea, regurgitation, sore throat"
Pneumonia,"cough, chest pain, fatigue"
Angina,"shortness of breath, fatigue, chest tightness"
Heart Attack,"chest pain, nausea, arm pain"
Atherosclerosis,"chest pain, shortness of breath, leg pain during walking"
Bronchitis,"cough, mucus production, fatigue, chest discomfort"
Muscle Strain,"muscle pain, swelling, limited movement, muscle stiffness"
Dengue,"severe headache, joint pain, muscle pain, nausea"
Tuberculosis,"persistent cough, weight loss, chest pain"
Heart Attack,"nausea, sweating, arm pain"
Pneumonia,"fever, cough, shortness of breath, chills, fatigue"
Influenza,"fatigue, muscle pain, headache"
Malaria,"sweating, headache, fatigue"
Chickenpox,"rash, fever, loss of appetite"
Dengue,"high fever, joint pain, rash"
Common Cold,"sneezing, sore throat, cough, congestion"
Rubella,"rash, fever, headache, joint pain"
COPD,"chronic cough, fatigue, chest tightness"
Kidney Infection,"fever, back pain, nausea"
Influenza,"chills, fatigue, muscle pain, headache"
Diabetes Type 1,"increased thirst, fatigue, weight loss"
Muscle Strain,"muscle pain, swelling, limited movement, muscle stiffness, bruising"
Hyperthyroidism,"weight loss, rapid heartbeat, anxiety, sweating"
Cardiomyopathy,"fatigue, swelling in legs, dizziness"
Pericarditis,"chest pain, fever, weakness, sharp chest pain when breathing"
Eczema,"itchy skin, red rash, skin inflammation"
Mumps,"swollen glands, fever, headache, muscle pain"
Irritable Bowel Syndrome,"abdominal pain, bloating, diarrhea, constipation"
COPD,"chronic cough, shortness of breath, fatigue, chest tightness"
Tuberculosis,"weight loss, night sweats, chest pain"
Malaria,"fever, sweating, nausea"
Influenza,"fever, chills, headache"
Influenza,"fever, chills, fatigue, muscle pain"
Cellulitis,"skin redness, swelling, fever"
Appendicitis,"severe abdominal pain, nausea, fever, loss of appetite"
Eczema,"red rash, dry skin, skin cracking"
Dengue,"high fever, muscle pain, nausea"
Atherosclerosis,"chest pain, fatigue, numbness in limbs"
Hepatitis C,"fatigue, nausea, jaundice"
Measles,"rash, runny nose, red eyes"
Kidney Infection,"back pain, nausea, frequent urination"
Influenza,"fever, chills, cough, headache"
Anemia,"fatigue, weakness, shortness of breath"
Malaria,"fever, sweating, fatigue"
Allergic Rhinitis,"sneezing, runny nose, itchy eyes, nasal congestion"
Malaria,"fever, chills, sweating"
Allergic Rhinitis,"runny nose, itchy eyes, nasal congestion, watery eyes"
Bell?s Palsy,"drooping eyelid, loss of facial expression, drooling"
Vertigo,"dizziness, balance problems, head movement sensitivity"
Eczema,"itchy skin, dry skin, skin cracking, skin inflammation"
Heart Attack,"chest pain, shortness of breath, sweating"
Tuberculosis,"night sweats, fever, chest pain"
Chickenpox,"rash, fever, fatigue, headache"
COVID-19,"fever, fatigue, loss of smell, loss of taste, shortness of breath"
Nephritis,"high blood pressure, foamy urine, fatigue, decreased urine output"
Food Poisoning,"vomiting, diarrhea, fever"
Angina,"shortness of breath, fatigue, pressure in chest"
Influenza,"fever, chills, cough, muscle pain, sore throat"
Mumps,"fever, headache, fatigue"
Vertigo,"balance problems, nausea, spinning sensation, head movement sensitivity"
Arrhythmia,"dizziness, fatigue, shortness of breath"
Acne,"redness, skin inflammation, whiteheads"
Cellulitis,"swelling, pain, warm skin"
Appendicitis,"severe abdominal pain, vomiting, fever"
Mumps,"swollen glands, fever, headache, muscle pain, fatigue"
COVID-19,"dry cough, fatigue, loss of smell, shortness of breath"
Brain Tumor,"persistent headache, vision problems, nausea"
Gout,"swelling, joint stiffness, warm joints"
Fungal Infection,"itching, red rash, burning sensation, skin irritation"
Dengue,"high fever, joint pain, nausea"
Pneumonia,"fever, cough, chest pain, fatigue"
Dengue,"high fever, severe headache, muscle pain, rash"
Mumps,"swollen glands, muscle pain, fatigue"
Chickenpox,"rash, loss of appetite, headache"
Bell?s Palsy,"facial weakness, drooping eyelid, loss of facial expression"
COVID-19,"fatigue, loss of smell, shortness of breath"
Pneumonia,"cough, chest pain, chills, fatigue"
Eczema,"itchy skin, red rash, dry skin, skin cracking, skin inflammation"
Pneumonia,"fever, cough, chest pain, shortness of breath, fatigue"
Typhoid,"prolonged fever, abdominal pain, weakness, loss of appetite, headache"
Measles,"rash, cough, runny nose, red eyes"
Meningitis,"stiff neck, headache, confusion"
GERD,"chest discomfort, nausea, regurgitation"
Kidney Stones,"severe abdominal pain, back pain, nausea, blood in urine"
Influenza,"cough, fatigue, sore throat"
Pneumonia,"cough, chills, fatigue"
Common Cold,"sneezing, congestion, headache"
Urinary Tract Infection,"burning urination, frequent urination, pelvic pain"
Common Cold,"runny nose, sneezing, congestion, headache"
Hyperthyroidism,"weight loss, anxiety, sweating"
Chickenpox,"rash, fever, fatigue, loss of appetite"
Hepatitis B,"fatigue, abdominal pain, joint pain"
GERD,"heartburn, chest discomfort, sore throat"
Malaria,"chills, sweating, nausea"
Gout,"severe joint pain, swelling, warm joints"
Angina,"chest pain, shortness of breath, pressure in chest"
Pneumonia,"fever, shortness of breath, fatigue"
Cellulitis,"skin redness, swelling, pain, fever"
Influenza,"chills, cough, fatigue, headache"
Hyperthyroidism,"rapid heartbeat, anxiety, sweating"
Pneumonia,"chest pain, shortness of breath, chills"
Pericarditis,"chest pain, weakness, heart palpitations"
Appendicitis,"nausea, fever, loss of appetite"
Asthma,"shortness of breath, chest tightness, cough, fatigue"
Muscle Strain,"muscle pain, swelling, bruising"
Angina,"chest pain, shortness of breath, fatigue, pressure in chest"
Hepatitis C,"fatigue, nausea, abdominal discomfort, jaundice"
Pneumonia,"cough, shortness of breath, chills"
Gastritis,"abdominal pain, nausea, bloating"
Muscle Strain,"muscle pain, swelling, muscle stiffness, bruising"
Vertigo,"dizziness, balance problems, nausea, spinning sensation, head movement sensitivity"
Vitamin D Deficiency,"muscle weakness, bone tenderness, frequent bone fractures"
Multiple Sclerosis,"numbness, weakness, fatigue"
Dengue,"high fever, severe headache, rash"
Bronchitis,"mucus production, fatigue, chest discomfort"
Stroke,"sudden weakness, confusion, trouble speaking, vision problems"
Constipation,"abdominal discomfort, infrequent stools, straining during bowel movements, hard stools"
Influenza,"chills, fatigue, headache"
Irritable Bowel Syndrome,"bloating, diarrhea, constipation"
Measles,"fever, runny nose, red eyes"
Chickenpox,"rash, fever, headache"
Tension Headache,"headache, neck pain, fatigue, pressure around head"
Tuberculosis,"persistent cough, night sweats, fever, fatigue, chest pain"
Hepatitis C,"fatigue, nausea, abdominal discomfort, loss of appetite"
Vitamin B12 Deficiency,"fatigue, numbness, weakness, dizziness"
Hepatitis C,"fatigue, jaundice, loss of appetite"
Fungal Infection,"itching, red rash, skin peeling, burning sensation, skin irritation"
Asthma,"wheezing, chest tightness, fatigue"
Influenza,"fever, fatigue, sore throat"
Mumps,"fever, headache, muscle pain"
Muscle Strain,"muscle pain, limited movement, muscle stiffness"
Atherosclerosis,"chest pain, shortness of breath, fatigue, leg pain during walking, numbness in limbs"
Hepatitis C,"nausea, abdominal discomfort, jaundice"
Vitamin D Deficiency,"fatigue, bone tenderness, frequent bone fractures"
Common Cold,"runny nose, sneezing, headache"
Typhoid,"prolonged fever, abdominal pain, weakness, headache"
Migraine,"headache, vomiting, blurred vision"
Cellulitis,"swelling, pain, warm skin, fever"
Vertigo,"dizziness, balance problems, nausea, spinning sensation"
Vitamin D Deficiency,"bone pain, fatigue, muscle weakness, bone tenderness, frequent bone fractures"
Common Cold,"sneezing, sore throat, cough, headache"
Stroke,"confusion, trouble speaking, vision problems"
Hypertension,"headache, chest pain, vision problems"
Obesity,"shortness of breath, joint pain, excessive sweating, snoring"
Hepatitis B,"nausea, jaundice, joint pain"
Angina,"chest pain, shortness of breath, fatigue"
Dengue,"severe headache, joint pain, rash"
Bronchitis,"fatigue, shortness of breath, chest discomfort"
Fungal Infection,"red rash, skin peeling, burning sensation"
Meningitis,"fever, stiff neck, headache"
COVID-19,"dry cough, fatigue, loss of taste, shortness of breath"
Gout,"severe joint pain, swelling, joint stiffness, warm joints"
Epilepsy,"seizures, confusion, temporary staring spells"
Hepatitis B,"fatigue, nausea, abdominal pain, jaundice"
Multiple Sclerosis,"numbness, weakness, vision problems, fatigue"
Diabetes Type 2,"frequent urination, increased thirst, blurred vision"
Gastritis,"abdominal pain, vomiting, loss of appetite"
Tuberculosis,"night sweats, fever, fatigue, chest pain"
Hypothyroidism,"fatigue, weight gain, cold sensitivity, slow heart rate"
Gastritis,"abdominal pain, nausea, vomiting"
Appendicitis,"severe abdominal pain, vomiting, loss of appetite"
Food Poisoning,"vomiting, diarrhea, abdominal cramps, fever"
Acne,"redness, skin inflammation, blackheads"
COVID-19,"fever, dry cough, shortness of breath"
Tuberculosis,"weight loss, night sweats, fever"
Hepatitis A,"fatigue, abdominal pain, loss of appetite, jaundice"
Typhoid,"prolonged fever, weakness, loss of appetite"
Pneumonia,"fever, chest pain, shortness of breath, chills"
Mumps,"swollen glands, headache, fatigue"
Influenza,"chills, fatigue, headache, sore throat"
COPD,"shortness of breath, wheezing, chest tightness"
Bronchitis,"cough, mucus production, fatigue, shortness of breath, chest discomfort"
Multiple Sclerosis,"numbness, weakness, vision problems"
Dengue,"severe headache, rash, nausea"
Osteoporosis,"bone pain, back pain, loss of height, stooped posture"
Hepatitis C,"nausea, jaundice, loss of appetite"
Measles,"rash, cough, runny nose"
COVID-19,"dry cough, fatigue, loss of smell, loss of taste, shortness of breath"
Pneumonia,"fever, shortness of breath, chills"
Malaria,"sweating, headache, nausea"
Heart Attack,"shortness of breath, nausea, sweating, arm pain"
Asthma,"shortness of breath, chest tightness, fatigue"
Bronchitis,"cough, shortness of breath, chest discomfort"
Malaria,"fever, chills, headache, nausea"
Appendicitis,"nausea, vomiting, fever, loss of appetite"
Acne,"redness, whiteheads, blackheads"
Acne,"pimples, redness, blackheads"
Allergic Rhinitis,"runny nose, itchy eyes, nasal congestion"
Bell?s Palsy,"facial weakness, difficulty speaking, drooling"
Rheumatoid Arthritis,"joint pain, swelling, fatigue, stiffness"
COPD,"chronic cough, shortness of breath, wheezing"
Cardiomyopathy,"fatigue, irregular heartbeat, dizziness"
Pneumonia,"fever, cough, chest pain, chills"
Measles,"fever, cough, red eyes"
Migraine,"headache, nausea, vomiting, light sensitivity"
Food Poisoning,"nausea, diarrhea, abdominal cramps, fever"
Pneumonia,"cough, chest pain, shortness of breath"
Dengue,"high fever, severe headache, nausea"
Bronchitis,"cough, mucus production, fatigue"
Asthma,"shortness of breath, chest tightness, cough"
Common Cold,"runny nose, sneezing, congestion"
Allergic Rhinitis,"itchy eyes, nasal congestion, watery eyes"
Cardiomyopathy,"fatigue, shortness of breath, irregular heartbeat, dizziness"
Gastritis,"abdominal pain, nausea, vomiting, loss of appetite"
Pneumonia,"fever, cough, chills"
Fungal Infection,"itching, skin peeling, burning sensation, skin irritation"
Meningitis,"fever, headache, nausea"
Chickenpox,"rash, fatigue, headache"
Heart Attack,"chest pain, nausea, sweating"
Dengue,"high fever, joint pain, rash, nausea"
Pericarditis,"chest pain, fever, weakness, heart palpitations"
Rheumatoid Arthritis,"joint pain, fatigue, stiffness"
Gout,"severe joint pain, redness in joints, joint stiffness"
Heart Attack,"chest pain, shortness of breath, nausea, sweating, arm pain"
Obesity,"fatigue, shortness of breath, snoring"
Hepatitis A,"fatigue, nausea, loss of appetite"
Muscle Strain,"muscle pain, swelling, limited movement, bruising"
Mumps,"swollen glands, fever, headache, fatigue"
Gallstones,"abdominal pain, nausea, vomiting"
Sinusitis,"nasal congestion, runny nose, fever"
Hepatitis A,"fatigue, nausea, abdominal pain, jaundice"
Pancreatitis,"nausea, vomiting, fever"
Tuberculosis,"weight loss, night sweats, fever, chest pain"
Asthma,"wheezing, cough, fatigue"
Parkinson?s Disease,"tremor, rigidity, balance problems"
Pericarditis,"fever, weakness, heart palpitations"
Cardiomyopathy,"shortness of breath, swelling in legs, irregular heartbeat, dizziness"
Pneumonia,"fever, chest pain, shortness of breath, chills, fatigue"
Dengue,"high fever, severe headache, joint pain, nausea"
Malaria,"fever, sweating, headache, nausea"
Cardiomyopathy,"fatigue, shortness of breath, swelling in legs, irregular heartbeat, dizziness"
Cellulitis,"skin redness, pain, warm skin, fever"
Cardiomyopathy,"fatigue, shortness of breath, dizziness"
Fungal Infection,"itching, red rash, skin irritation"
Heart Attack,"shortness of breath, sweating, arm pain"
Tuberculosis,"fever, fatigue, chest pain"
COVID-19,"dry cough, fatigue, loss of smell, loss of taste"
Appendicitis,"severe abdominal pain, nausea, vomiting"
COVID-19,"fever, dry cough, loss of taste"
Muscle Strain,"muscle pain, swelling, limited movement"
Common Cold,"sore throat, cough, congestion, headache"
Vitamin D Deficiency,"bone pain, muscle weakness, bone tenderness"
COPD,"shortness of breath, fatigue, chest tightness"
Acne,"redness, skin inflammation, whiteheads, blackheads"
Food Poisoning,"vomiting, abdominal cramps, fever"
Tuberculosis,"persistent cough, weight loss, night sweats, fatigue"
Epilepsy,"seizures, confusion, loss of awareness, temporary staring spells"
Cellulitis,"skin redness, pain, fever"
Sinusitis,"headache, nasal congestion, runny nose"
Asthma,"wheezing, shortness of breath, fatigue"
Common Cold,"sneezing, cough, headache"
Dengue,"joint pain, muscle pain, nausea"
GERD,"chest discomfort, regurgitation, sore throat"
COVID-19,"dry cough, fatigue, loss of smell"
Common Cold,"sneezing, sore throat, headache"
Constipation,"bloating, infrequent stools, straining during bowel movements, hard stools"
COVID-19,"dry cough, loss of smell, loss of taste, shortness of breath"
Influenza,"chills, muscle pain, sore throat"
Mumps,"fever, headache, muscle pain, fatigue"
Malaria,"fever, chills, headache, nausea, fatigue"
Common Cold,"runny nose, sneezing, sore throat, headache"
Malaria,"fever, sweating, nausea, fatigue"
Food Poisoning,"nausea, vomiting, diarrhea, fever"
Typhoid,"abdominal pain, loss of appetite, headache"
Pericarditis,"fever, sharp chest pain when breathing, heart palpitations"
Eczema,"itchy skin, skin cracking, skin inflammation"
Tuberculosis,"weight loss, night sweats, fever, fatigue"
Osteoporosis,"fractures, back pain, loss of height"
Hepatitis B,"nausea, abdominal pain, joint pain"
Epilepsy,"loss of awareness, temporary staring spells, uncontrolled jerking movements"
Pneumonia,"cough, shortness of breath, chills, fatigue"
Diabetes Type 2,"frequent urination, increased thirst, fatigue"
Pericarditis,"weakness, sharp chest pain when breathing, heart palpitations"
Sinusitis,"headache, nasal congestion, fever"
Urinary Tract Infection,"burning urination, frequent urination, pelvic pain, cloudy urine, strong urine odor"
Pneumonia,"chest pain, chills, fatigue"
COVID-19,"fever, dry cough, fatigue, loss of smell, shortness of breath"
Tuberculosis,"weight loss, fever, fatigue, chest pain"
Migraine,"nausea, vomiting, blurred vision"
Pericarditis,"chest pain, fever, sharp chest pain when breathing, heart palpitations"
Heart Failure,"shortness of breath, swelling in legs, cough"
Cellulitis,"swelling, warm skin, fever"
Obesity,"joint pain, excessive sweating, snoring"
Tuberculosis,"persistent cough, weight loss, night sweats, fatigue, chest pain"
Pneumonia,"cough, chest pain, chills"
Tuberculosis,"weight loss, night sweats, fever, fatigue, chest pain"
Cardiomyopathy,"fatigue, swelling in legs, irregular heartbeat, dizziness"
GERD,"heartburn, chest discomfort, nausea, regurgitation"
Pneumonia,"fever, chest pain, chills"
Constipation,"infrequent stools, straining during bowel movements, hard stools"
Vertigo,"balance problems, spinning sensation, head movement sensitivity"
Hypertension,"chest pain, vision problems, fatigue"
Hepatitis B,"fatigue, nausea, abdominal pain"
Pneumonia,"fever, cough, fatigue"
Meningitis,"fever, headache, confusion"
COVID-19,"fever, dry cough, loss of smell, loss of taste"
Hepatitis C,"fatigue, abdominal discomfort, loss of appetite"
Angina,"fatigue, chest tightness, pressure in chest"
Urinary Tract Infection,"burning urination, frequent urination, cloudy urine, strong urine odor"
Hepatitis A,"nausea, abdominal pain, loss of appetite, jaundice"
Osteoporosis,"fractures, back pain, stooped posture"
Fungal Infection,"itching, red rash, burning sensation"
Migraine,"headache, vomiting, light sensitivity"
Dengue,"muscle pain, rash, nausea"
Kidney Stones,"severe abdominal pain, nausea, blood in urine"
Parkinson?s Disease,"slow movement, rigidity, balance problems"
Influenza,"fever, cough, muscle pain, sore throat"
Muscle Strain,"swelling, limited movement, muscle stiffness"
Migraine,"headache, light sensitivity, blurred vision"
Typhoid,"abdominal pain, weakness, loss of appetite, headache"
Vitamin D Deficiency,"bone pain, bone tenderness, frequent bone fractures"
Common Cold,"runny nose, cough, congestion, headache"
Hepatitis B,"fatigue, nausea, jaundice"
Psoriasis,"red patches, itching, skin flaking"
Vitamin D Deficiency,"bone pain, fatigue, bone tenderness"
Meningitis,"stiff neck, headache, nausea, confusion"
COVID-19,"fever, dry cough, fatigue, loss of taste, shortness of breath"
Heart Attack,"chest pain, shortness of breath, nausea, sweating"
Urinary Tract Infection,"burning urination, pelvic pain, cloudy urine, strong urine odor"
Common Cold,"runny nose, sore throat, cough, congestion, headache"
Tuberculosis,"persistent cough, night sweats, fever, fatigue"
Cardiomyopathy,"fatigue, shortness of breath, irregular heartbeat"
Allergic Rhinitis,"sneezing, runny nose, itchy eyes"
Hepatitis A,"fatigue, nausea, abdominal pain, loss of appetite, jaundice"
Vertigo,"dizziness, balance problems, nausea, head movement sensitivity"
Gout,"severe joint pain, swelling, redness in joints, joint stiffness, warm joints"
Influenza,"chills, cough, muscle pain, sore throat"
Pancreatitis,"severe abdominal pain, nausea, vomiting"
Food Poisoning,"nausea, vomiting, diarrhea, abdominal cramps"
Tuberculosis,"weight loss, fever, fatigue"
Peptic Ulcer,"burning stomach pain, nausea, bloating, loss of appetite"
Meningitis,"stiff neck, headache, nausea"
Hepatitis B,"fatigue, abdominal pain, jaundice"
Pneumonia,"fever, cough, chest pain, shortness of breath"
Tuberculosis,"persistent cough, weight loss, fever, fatigue"
Muscle Strain,"swelling, limited movement, bruising"
Measles,"rash, fever, cough, red eyes"
Pneumonia,"fever, cough, chest pain"
Influenza,"fatigue, muscle pain, sore throat"
Common Cold,"runny nose, sneezing, sore throat, congestion"
Hepatitis C,"fatigue, nausea, loss of appetite"
Mumps,"swollen glands, fever, muscle pain, fatigue"
Cardiomyopathy,"fatigue, shortness of breath, swelling in legs"
Tuberculosis,"persistent cough, night sweats, fatigue"
COPD,"shortness of breath, wheezing, fatigue, chest tightness"
COVID-19,"fever, fatigue, loss of smell, loss of taste"
Arrhythmia,"palpitations, dizziness, shortness of breath"
Common Cold,"runny nose, sore throat, cough, headache"
Meningitis,"headache, nausea, confusion"
Chickenpox,"fatigue, loss of appetite, headache"
Migraine,"headache, nausea, blurred vision"
Angina,"chest pain, fatigue, pressure in chest"
Gastritis,"abdominal pain, nausea, loss of appetite"
Malaria,"chills, sweating, headache"
Nephritis,"swelling in face, foamy urine, decreased urine output"
Eczema,"dry skin, skin cracking, skin inflammation"
Typhoid,"prolonged fever, abdominal pain, weakness"
Nephritis,"foamy urine, fatigue, decreased urine output"
Hypothyroidism,"fatigue, cold sensitivity, slow heart rate"
Dengue,"high fever, severe headache, muscle pain, rash, nausea"
Brain Tumor,"persistent headache, vision problems, seizures"
Vitamin B12 Deficiency,"fatigue, weakness, dizziness"
Allergic Rhinitis,"sneezing, runny nose, watery eyes"
Epilepsy,"seizures, confusion, temporary staring spells, uncontrolled jerking movements"
Malaria,"chills, sweating, fatigue"
Tuberculosis,"persistent cough, fever, fatigue"
Fungal Infection,"itching, skin peeling, skin irritation"
Common Cold,"runny nose, sneezing, sore throat, cough, headache"
Influenza,"fever, chills, cough, muscle pain, headache"
Urinary Tract Infection,"frequent urination, pelvic pain, cloudy urine, strong urine odor"
Arrhythmia,"palpitations, dizziness, fatigue"
Heart Attack,"chest pain, shortness of breath, nausea, arm pain"
Sinusitis,"headache, runny nose, fever"
Angina,"chest pain, fatigue, chest tightness"
Vitamin D Deficiency,"bone pain, muscle weakness, frequent bone fractures"
Hypothyroidism,"fatigue, weight gain, slow heart rate"
Malaria,"fever, chills, headache, fatigue"
Dengue,"joint pain, muscle pain, rash"
Pneumonia,"fever, cough, shortness of breath"
Common Cold,"sneezing, cough, congestion, headache"
Osteoporosis,"fractures, loss of height, stooped posture"
COVID-19,"loss of smell, loss of taste, shortness of breath"
Nephritis,"swelling in face, high blood pressure, foamy urine, fatigue"
Gastritis,"nausea, vomiting, bloating, loss of appetite"
Common Cold,"runny nose, sore throat, congestion, headache"
Migraine,"headache, nausea, light sensitivity, blurred vision"
Chickenpox,"fever, loss of appetite, headache"
COVID-19,"fever, dry cough, loss of smell, loss of taste, shortness of breath"
Influenza,"chills, muscle pain, headache"
Urinary Tract Infection,"frequent urination, pelvic pain, strong urine odor"
Tuberculosis,"persistent cough, night sweats, fatigue, chest pain"
Malaria,"fever, chills, sweating, nausea, fatigue"
Pancreatitis,"severe abdominal pain, vomiting, fever"
Influenza,"chills, cough, fatigue, muscle pain, sore throat"
Anemia,"weakness, pale skin, shortness of breath"
Migraine,"nausea, vomiting, light sensitivity, blurred vision"
Sinusitis,"headache, facial pain, fever"
Kidney Stones,"severe abdominal pain, back pain, blood in urine"
Typhoid,"weakness, loss of appetite, headache"
Heart Attack,"shortness of breath, nausea, arm pain"
Rheumatoid Arthritis,"swelling, fatigue, stiffness"
Chickenpox,"rash, fever, loss of appetite, headache"
Dengue,"high fever, severe headache, joint pain, rash"
Rubella,"fever, headache, joint pain"
GERD,"heartburn, nausea, regurgitation"
Tuberculosis,"night sweats, fatigue, chest pain"
Psoriasis,"red patches, scaly skin, skin flaking"
Cellulitis,"pain, warm skin, fever"
Cardiomyopathy,"shortness of breath, swelling in legs, dizziness"
Cardiomyopathy,"shortness of breath, swelling in legs, irregular heartbeat"
COPD,"chronic cough, shortness of breath, wheezing, fatigue"
Hepatitis A,"fatigue, abdominal pain, jaundice"
Dengue,"severe headache, joint pain, muscle pain, rash, nausea"
Gastritis,"abdominal pain, nausea, vomiting, bloating, loss of appetite"
Atherosclerosis,"chest pain, leg pain during walking, numbness in limbs"
Arrhythmia,"palpitations, dizziness, fatigue, shortness of breath"
GERD,"heartburn, nausea, sore throat"
Nephritis,"swelling in face, high blood pressure, foamy urine"
Hepatitis C,"abdominal discomfort, jaundice, loss of appetite"
Tuberculosis,"persistent cough, fatigue, chest pain"
Allergic Rhinitis,"sneezing, itchy eyes, nasal congestion, watery eyes"
Influenza,"fever, chills, muscle pain, headache"
Asthma,"wheezing, chest tightness, cough"
Constipation,"abdominal discomfort, infrequent stools, straining during bowel movements"
Mumps,"swollen glands, fever, muscle pain"
Malaria,"fever, sweating, headache, fatigue"
COVID-19,"fever, loss of smell, shortness of breath"
Tuberculosis,"weight loss, night sweats, fatigue, chest pain"
COVID-19,"dry cough, loss of smell, shortness of breath"
Dengue,"high fever, severe headache, muscle pain"
Chronic Kidney Disease,"fatigue, swelling in legs, nausea, loss of appetite"
Mumps,"swollen glands, fever, fatigue"
Hepatitis B,"fatigue, nausea, abdominal pain, jaundice, joint pain"
Acne,"pimples, redness, skin inflammation"
Epilepsy,"confusion, loss of awareness, temporary staring spells, uncontrolled jerking movements"
Dengue,"severe headache, joint pain, muscle pain"
Dengue,"severe headache, joint pain, rash, nausea"
Pneumonia,"cough, chest pain, shortness of breath, chills"
COVID-19,"fever, fatigue, loss of taste"
Asthma,"shortness of breath, cough, fatigue"
Dengue,"high fever, muscle pain, rash, nausea"
Pneumonia,"fever, cough, chest pain, chills, fatigue"
Acne,"pimples, redness, skin inflammation, whiteheads"
Acne,"pimples, redness, skin inflammation, blackheads"
Common Cold,"runny nose, sneezing, sore throat"
Sinusitis,"facial pain, nasal congestion, runny nose"
Angina,"chest pain, shortness of breath, fatigue, chest tightness"
Gout,"severe joint pain, swelling, joint stiffness"
Tension Headache,"headache, neck pain, pressure around head"
COVID-19,"fever, dry cough, fatigue"
Meningitis,"fever, nausea, confusion"
Pneumonia,"cough, chest pain, shortness of breath, chills, fatigue"
Sinusitis,"headache, facial pain, runny nose, fever"
Kidney Stones,"severe abdominal pain, back pain, nausea"
Food Poisoning,"nausea, vomiting, abdominal cramps, fever"
Migraine,"vomiting, light sensitivity, blurred vision"
Osteoporosis,"back pain, loss of height, stooped posture"
Kidney Infection,"fever, nausea, frequent urination"
Irritable Bowel Syndrome,"abdominal pain, bloating, diarrhea"
Urinary Tract Infection,"burning urination, frequent urination, strong urine odor"
Hypothyroidism,"weight gain, cold sensitivity, slow heart rate"
Angina,"shortness of breath, fatigue, chest tightness, pressure in chest"
Arrhythmia,"palpitations, fatigue, shortness of breath"
Sinusitis,"facial pain, nasal congestion, runny nose, fever"
Typhoid,"prolonged fever, loss of appetite, headache"
Rheumatoid Arthritis,"joint pain, swelling, fatigue"
Psoriasis,"red patches, itching, skin flaking, skin dryness"
Pneumonia,"chest pain, shortness of breath, fatigue"
Pericarditis,"chest pain, fever, weakness, sharp chest pain when breathing, heart palpitations"
Vertigo,"balance problems, nausea, spinning sensation"
Atherosclerosis,"shortness of breath, fatigue, leg pain during walking"
Sinusitis,"headache, facial pain, runny nose"
Gallstones,"abdominal pain, nausea, vomiting, indigestion"
Gallstones,"nausea, vomiting, indigestion"
Pneumonia,"fever, chest pain, fatigue"
Measles,"rash, fever, red eyes"
Brain Tumor,"persistent headache, nausea, seizures"
Sinusitis,"headache, facial pain, nasal congestion, runny nose, fever"
Osteoporosis,"bone pain, back pain, stooped posture"
Constipation,"abdominal discomfort, bloating, infrequent stools"
Common Cold,"sneezing, sore throat, cough, congestion, headache"
Hepatitis B,"fatigue, nausea, jaundice, joint pain"
Angina,"chest pain, shortness of breath, chest tightness"
Typhoid,"abdominal pain, weakness, loss of appetite"
Allergic Rhinitis,"sneezing, runny nose, nasal congestion, watery eyes"
Pericarditis,"chest pain, fever, sharp chest pain when breathing"
Influenza,"chills, muscle pain, headache, sore throat"
Malaria,"fever, headache, nausea, fatigue"
Pericarditis,"fever, weakness, sharp chest pain when breathing"
GERD,"chest discomfort, nausea, sore throat"
Typhoid,"abdominal pain, weakness, headache"
Obesity,"fatigue, joint pain, excessive sweating, snoring"
Obesity,"fatigue, joint pain, excessive sweating"
Constipation,"bloating, infrequent stools, hard stools"
Hepatitis A,"fatigue, nausea, abdominal pain"
Constipation,"abdominal discomfort, bloating, infrequent stools, straining during bowel movements, hard stools"
Tuberculosis,"persistent cough, weight loss, night sweats, fever, chest pain"
Stroke,"sudden weakness, trouble speaking, vision problems"
Nephritis,"swelling in face, high blood pressure, fatigue, decreased urine output"
Acne,"pimples, skin inflammation, blackheads"
GERD,"heartburn, chest discomfort, regurgitation, sore throat"
Appendicitis,"vomiting, fever, loss of appetite"
Bronchitis,"cough, mucus production, shortness of breath, chest discomfort"
Pericarditis,"chest pain, weakness, sharp chest pain when breathing, heart palpitations"
Pneumonia,"cough, shortness of breath, fatigue"
Atherosclerosis,"shortness of breath, leg pain during walking, numbness in limbs"
Hepatitis B,"abdominal pain, jaundice, joint pain"
Hepatitis B,"fatigue, nausea, abdominal pain, joint pain"
Influenza,"fever, chills, muscle pain"
Vertigo,"dizziness, balance problems, nausea"
Bell?s Palsy,"facial weakness, loss of facial expression, drooling"
Bell?s Palsy,"facial weakness, drooping eyelid, difficulty speaking, loss of facial expression, drooling"
Measles,"fever, cough, runny nose, red eyes"
Sinusitis,"headache, facial pain, nasal congestion"
Obesity,"fatigue, shortness of breath, joint pain, excessive sweating, snoring"
GERD,"heartburn, regurgitation, sore throat"
Urinary Tract Infection,"burning urination, cloudy urine, strong urine odor"
Cardiomyopathy,"fatigue, swelling in legs, irregular heartbeat"
Influenza,"chills, cough, fatigue"
Allergic Rhinitis,"sneezing, nasal congestion, watery eyes"
Psoriasis,"red patches, skin flaking, skin dryness"
Diabetes Type 1,"frequent urination, increased thirst, fatigue"
Malaria,"fever, chills, headache"
Dengue,"joint pain, rash, nausea"
Tension Headache,"headache, fatigue, pressure around head"
Measles,"rash, fever, cough, runny nose"
Tension Headache,"neck pain, fatigue, pressure around head"
Obesity,"fatigue, shortness of breath, joint pain, snoring"
Eczema,"itchy skin, red rash, skin cracking, skin inflammation"
Common Cold,"runny nose, sneezing, sore throat, cough"
Hepatitis B,"fatigue, abdominal pain, jaundice, joint pain"
Vertigo,"dizziness, nausea, spinning sensation, head movement sensitivity"
Asthma,"wheezing, chest tightness, cough, fatigue"
Asthma,"chest tightness, cough, fatigue"
Cardiomyopathy,"swelling in legs, irregular heartbeat, dizziness"
Epilepsy,"seizures, confusion, loss of awareness, temporary staring spells, uncontrolled jerking movements"
Measles,"rash, fever, cough, runny nose, red eyes"
Eczema,"red rash, dry skin, skin inflammation"
Dengue,"severe headache, joint pain, nausea"
Allergic Rhinitis,"sneezing, itchy eyes, watery eyes"
COVID-19,"fatigue, loss of smell, loss of taste"
Dengue,"joint pain, muscle pain, rash, nausea"
Pneumonia,"fever, shortness of breath, chills, fatigue"
Psoriasis,"red patches, scaly skin, itching, skin dryness"
Hepatitis A,"fatigue, nausea, abdominal pain, loss of appetite"
Chronic Kidney Disease,"swelling in legs, nausea, loss of appetite"
Influenza,"fever, chills, cough, muscle pain"
Malaria,"fever, chills, sweating, fatigue"
Epilepsy,"confusion, loss of awareness, uncontrolled jerking movements"
Parkinson?s Disease,"tremor, slow movement, rigidity, balance problems"
Dengue,"high fever, muscle pain, rash"
Bell?s Palsy,"difficulty speaking, loss of facial expression, drooling"
Common Cold,"runny nose, sore throat, congestion"
Mumps,"swollen glands, headache, muscle pain, fatigue"
Pneumonia,"fever, cough, shortness of breath, fatigue"
Dengue,"high fever, severe headache, joint pain"
Nephritis,"swelling in face, foamy urine, fatigue"
Angina,"chest pain, shortness of breath, chest tightness, pressure in chest"
Peptic Ulcer,"burning stomach pain, nausea, loss of appetite"
Vitamin D Deficiency,"bone pain, fatigue, muscle weakness"
Osteoporosis,"bone pain, fractures, back pain, stooped posture"
Malaria,"chills, sweating, nausea, fatigue"
Nephritis,"swelling in face, high blood pressure, foamy urine, decreased urine output"
Gout,"severe joint pain, swelling, redness in joints, warm joints"
Vertigo,"dizziness, nausea, spinning sensation"
COVID-19,"fever, loss of smell, loss of taste"
Hepatitis C,"fatigue, nausea, abdominal discomfort, jaundice, loss of appetite"
Allergic Rhinitis,"runny nose, itchy eyes, watery eyes"
Meningitis,"fever, stiff neck, confusion"
Atherosclerosis,"fatigue, leg pain during walking, numbness in limbs"
COVID-19,"fatigue, loss of smell, loss of taste, shortness of breath"
Meningitis,"stiff neck, nausea, confusion"
Malaria,"fever, sweating, headache"
Typhoid,"prolonged fever, abdominal pain, headache"
Malaria,"chills, sweating, headache, nausea"
Gallstones,"abdominal pain, nausea, indigestion"
Tuberculosis,"weight loss, night sweats, fatigue"
Rheumatoid Arthritis,"joint pain, swelling, stiffness"
Epilepsy,"seizures, temporary staring spells, uncontrolled jerking movements"
Vitamin D Deficiency,"bone pain, fatigue, muscle weakness, bone tenderness"
Gout,"severe joint pain, redness in joints, warm joints"
Gastritis,"abdominal pain, nausea, vomiting, bloating"
Meningitis,"fever, stiff neck, headache, confusion"
Atherosclerosis,"chest pain, shortness of breath, fatigue"
Hepatitis A,"nausea, loss of appetite, jaundice"
Migraine,"nausea, vomiting, light sensitivity"
Bronchitis,"cough, mucus production, fatigue, shortness of breath"
Food Poisoning,"nausea, vomiting, abdominal cramps"
Atherosclerosis,"chest pain, shortness of breath, fatigue, leg pain during walking"
Appendicitis,"severe abdominal pain, nausea, vomiting, fever"
Typhoid,"prolonged fever, abdominal pain, loss of appetite, headache"
Sinusitis,"facial pain, nasal congestion, fever"
GERD,"chest discomfort, nausea, regurgitation, sore throat"
Gastritis,"abdominal pain, vomiting, bloating"
Nephritis,"swelling in face, foamy urine, fatigue, decreased urine output"
Chickenpox,"fever, fatigue, loss of appetite, headache"
Diarrhea,"watery stools, abdominal cramps, weakness"
Common Cold,"runny nose, cough, headache"
Pericarditis,"chest pain, fever, weakness"
Peptic Ulcer,"burning stomach pain, bloating, loss of appetite"
Common Cold,"sneezing, sore throat, congestion"
Urinary Tract Infection,"frequent urination, cloudy urine, strong urine odor"
Common Cold,"runny nose, sneezing, cough, headache"
Psoriasis,"red patches, scaly skin, itching, skin flaking"
Chickenpox,"rash, fatigue, loss of appetite"
Epilepsy,"seizures, loss of awareness, temporary staring spells"
Psoriasis,"red patches, scaly skin, skin flaking, skin dryness"
COVID-19,"fever, dry cough, fatigue, shortness of breath"
Meningitis,"fever, stiff neck, nausea, confusion"
Measles,"rash, cough, red eyes"
Atherosclerosis,"chest pain, shortness of breath, leg pain during walking, numbness in limbs"
Urinary Tract Infection,"burning urination, frequent urination, pelvic pain, cloudy urine"
Peptic Ulcer,"burning stomach pain, nausea, bloating"
Psoriasis,"scaly skin, itching, skin flaking"
Gastritis,"nausea, bloating, loss of appetite"
Heart Attack,"chest pain, shortness of breath, arm pain"
Nephritis,"swelling in face, high blood pressure, decreased urine output"
Chickenpox,"rash, fever, fatigue, loss of appetite, headache"
Dengue,"severe headache, muscle pain, nausea"
Pericarditis,"chest pain, sharp chest pain when breathing, heart palpitations"
Hepatitis A,"abdominal pain, loss of appetite, jaundice"
Heart Attack,"chest pain, shortness of breath, sweating, arm pain"
Diarrhea,"watery stools, abdominal cramps, nausea"
Hepatitis A,"fatigue, loss of appetite, jaundice"
Hepatitis A,"fatigue, abdominal pain, loss of appetite"
Tuberculosis,"night sweats, fever, fatigue"
Common Cold,"sneezing, cough, congestion"
COVID-19,"fever, dry cough, fatigue, loss of smell, loss of taste"
Constipation,"bloating, infrequent stools, straining during bowel movements"
Urinary Tract Infection,"pelvic pain, cloudy urine, strong urine odor"
Eczema,"red rash, dry skin, skin cracking, skin inflammation"
Obesity,"shortness of breath, joint pain, excessive sweating"
Irritable Bowel Syndrome,"abdominal pain, bloating, constipation"
Migraine,"headache, nausea, vomiting"
Vitamin D Deficiency,"bone pain, fatigue, frequent bone fractures"
Allergic Rhinitis,"sneezing, runny nose, nasal congestion"
Urinary Tract Infection,"burning urination, frequent urination, pelvic pain, strong urine odor"
Osteoporosis,"bone pain, fractures, loss of height, stooped posture"
Pneumonia,"fever, chest pain, shortness of breath"
Common Cold,"runny nose, sneezing, sore throat, congestion, headache"
Malaria,"chills, headache, fatigue"
Hypertension,"headache, chest pain, fatigue"
Pericarditis,"chest pain, weakness, sharp chest pain when breathing"
Gout,"redness in joints, joint stiffness, warm joints"
Bronchitis,"mucus production, fatigue, shortness of breath, chest discomfort"
Arthritis,"joint pain, stiffness, swelling, reduced movement"
Malaria,"fever, chills, sweating, headache, fatigue"
Osteoporosis,"bone pain, back pain, loss of height"
Obesity,"fatigue, shortness of breath, joint pain"
Common Cold,"cough, congestion, headache"
Diabetes Type 2,"frequent urination, fatigue, blurred vision"
Gout,"severe joint pain, swelling, redness in joints"
Common Cold,"runny nose, sneezing, cough, congestion, headache"
Dengue,"high fever, severe headache, joint pain, muscle pain"
Constipation,"abdominal discomfort, straining during bowel movements, hard stools"
Gallstones,"abdominal pain, vomiting, indigestion"
Psoriasis,"scaly skin, itching, skin dryness"
Acne,"skin inflammation, whiteheads, blackheads"
Hepatitis C,"nausea, abdominal discomfort, loss of appetite"
Typhoid,"prolonged fever, weakness, loss of appetite, headache"
Meningitis,"fever, stiff neck, headache, nausea, confusion"
Gout,"severe joint pain, redness in joints, joint stiffness, warm joints"
Atherosclerosis,"shortness of breath, fatigue, numbness in limbs"
Obesity,"fatigue, shortness of breath, joint pain, excessive sweating"
Bronchitis,"cough, mucus production, chest discomfort"
Influenza,"fever, cough, sore throat"
Urinary Tract Infection,"burning urination, pelvic pain, cloudy urine"
Gastritis,"abdominal pain, bloating, loss of appetite"
Bronchitis,"cough, fatigue, chest discomfort"
Malaria,"sweating, headache, nausea, fatigue"
Vertigo,"dizziness, balance problems, spinning sensation"
Dengue,"severe headache, muscle pain, rash, nausea"
COVID-19,"fever, dry cough, loss of smell, shortness of breath"
Muscle Strain,"swelling, limited movement, muscle stiffness, bruising"
Peptic Ulcer,"nausea, bloating, loss of appetite"
Influenza,"fever, chills, cough, fatigue"
Malaria,"fever, chills, sweating, headache"
Fungal Infection,"red rash, burning sensation, skin irritation"
Tuberculosis,"persistent cough, night sweats, fever"
Tuberculosis,"persistent cough, weight loss, night sweats"
Bell?s Palsy,"facial weakness, drooping eyelid, difficulty speaking, drooling"
Diabetes Type 2,"increased thirst, fatigue, blurred vision"
Common Cold,"sneezing, sore throat, congestion, headache"
Acne,"pimples, skin inflammation, whiteheads"
Obesity,"fatigue, shortness of breath, excessive sweating, snoring"
Chronic Kidney Disease,"fatigue, swelling in legs, loss of appetite"
Diabetes Type 1,"frequent urination, increased thirst, weight loss"
Typhoid,"prolonged fever, abdominal pain, loss of appetite"
Hyperthyroidism,"weight loss, rapid heartbeat, anxiety"
Constipation,"abdominal discomfort, bloating, straining during bowel movements"
Tuberculosis,"persistent cough, weight loss, fatigue, chest pain"
GERD,"heartburn, chest discomfort, nausea, sore throat"
Common Cold,"runny nose, sneezing, cough"
Vitamin D Deficiency,"fatigue, muscle weakness, frequent bone fractures"
Pneumonia,"fever, chest pain, shortness of breath, fatigue"
Muscle Strain,"muscle pain, limited movement, muscle stiffness, bruising"
Fungal Infection,"skin peeling, burning sensation, skin irritation"
Mumps,"fever, muscle pain, fatigue"
Chickenpox,"fever, fatigue, loss of appetite"
COPD,"chronic cough, shortness of breath, fatigue"
Measles,"rash, fever, cough"
Diarrhea,"watery stools, nausea, weakness"
Tuberculosis,"persistent cough, night sweats, chest pain"
Influenza,"fever, chills, cough, fatigue, sore throat"
Multiple Sclerosis,"weakness, vision problems, fatigue"
COVID-19,"fever, dry cough, fatigue, loss of smell"
Migraine,"nausea, light sensitivity, blurred vision"
Cellulitis,"skin redness, pain, warm skin"
Asthma,"wheezing, shortness of breath, chest tightness, fatigue"
COVID-19,"dry cough, loss of taste, shortness of breath"
Allergic Rhinitis,"runny nose, nasal congestion, watery eyes"
Asthma,"wheezing, shortness of breath, cough, fatigue"
Vitamin B12 Deficiency,"fatigue, numbness, dizziness"
Chronic Kidney Disease,"fatigue, swelling in legs, nausea"
Pneumonia,"fever, chest pain, chills, fatigue"
Diabetes Type 1,"frequent urination, fatigue, weight loss"
Appendicitis,"nausea, vomiting, loss of appetite"
Angina,"chest pain, fatigue, chest tightness, pressure in chest"
COPD,"chronic cough, wheezing, fatigue, chest tightness"
Muscle Strain,"muscle pain, limited movement, bruising"
Appendicitis,"severe abdominal pain, nausea, vomiting, loss of appetite"
Dengue,"high fever, severe headache, joint pain, rash, nausea"
Psoriasis,"red patches, scaly skin, skin dryness"
Meningitis,"fever, stiff neck, headache, nausea"
Cellulitis,"skin redness, swelling, pain, warm skin, fever"
Common Cold,"runny nose, congestion, headache"
Influenza,"cough, fatigue, muscle pain, headache"
Common Cold,"sore throat, cough, congestion"
Arthritis,"stiffness, swelling, reduced movement"
Fungal Infection,"itching, red rash, skin peeling, burning sensation"
Hypertension,"headache, vision problems, fatigue"
Appendicitis,"severe abdominal pain, nausea, loss of appetite"
Malaria,"chills, headache, nausea, fatigue"
Influenza,"cough, fatigue, muscle pain"
Hepatitis B,"nausea, abdominal pain, jaundice"
Acne,"pimples, whiteheads, blackheads"
Pneumonia,"fever, cough, shortness of breath, chills"
Muscle Strain,"limited movement, muscle stiffness, bruising"
Osteoporosis,"bone pain, fractures, back pain, loss of height, stooped posture"
Kidney Stones,"back pain, nausea, blood in urine"
Malaria,"sweating, nausea, fatigue"
Vitamin D Deficiency,"bone pain, fatigue, bone tenderness, frequent bone fractures"
Diarrhea,"abdominal cramps, nausea, weakness"
Vertigo,"dizziness, nausea, head movement sensitivity"
Bell?s Palsy,"drooping eyelid, difficulty speaking, loss of facial expression"
Influenza,"cough, muscle pain, headache, sore throat"
Cellulitis,"skin redness, warm skin, fever"
Psoriasis,"itching, skin flaking, skin dryness"
Heart Failure,"shortness of breath, fatigue, swelling in legs"
Hepatitis C,"fatigue, abdominal discomfort, jaundice, loss of appetite"
Bell?s Palsy,"drooping eyelid, difficulty speaking, loss of facial expression, drooling"
Pancreatitis,"severe abdominal pain, nausea, fever"
Sinusitis,"headache, nasal congestion, runny nose, fever"
Chickenpox,"fever, fatigue, headache"
Dengue,"high fever, severe headache, joint pain, muscle pain, nausea"
Malaria,"chills, nausea, fatigue"
Rubella,"rash, fever, headache"
Epilepsy,"seizures, loss of awareness, uncontrolled jerking movements"
Diabetes Type 2,"frequent urination, increased thirst, fatigue, blurred vision"
Rubella,"rash, fever, joint pain"
Obesity,"fatigue, shortness of breath, excessive sweating"
Tuberculosis,"persistent cough, weight loss, night sweats, fever"
Asthma,"wheezing, shortness of breath, chest tightness"
Vertigo,"dizziness, balance problems, spinning sensation, head movement sensitivity"
Pneumonia,"fever, chills, fatigue"
GERD,"heartburn, chest discomfort, nausea"
Vitamin D Deficiency,"fatigue, muscle weakness, bone tenderness"
Tuberculosis,"persistent cough, weight loss, night sweats, chest pain"
Hepatitis B,"fatigue, jaundice, joint pain"
Kidney Infection,"fever, back pain, frequent urination"
Tuberculosis,"persistent cough, weight loss, night sweats, fever, fatigue"
