disease,symptoms
Acne,"pimples, redness, skin inflammation, whiteheads"
Acne,"pimples, redness, blackheads"
Acne,"pimples, whiteheads, blackheads"
Acne,"pimples, redness, whiteheads"
Acne,"pimples, redness, skin inflammation"
Acne,"pimples, skin inflammation, blackheads"
Acne,"pimples, skin inflammation, whiteheads"
Acne,"redness, skin inflammation, blackheads"
Acne,"pimples, skin inflammation, whiteheads, blackheads"
Acne,"pimples, redness, skin inflammation, whiteheads, blackheads"
Acne,"redness, whiteheads, blackheads"
Acne,"pimples, redness, skin inflammation, blackheads"
Acne,"skin inflammation, whiteheads, blackheads"
Acne,"redness, skin inflammation, whiteheads"
Acne,"pimples, redness, whiteheads, blackheads"
Acne,"redness, skin inflammation, whiteheads, blackheads"
Allergic Rhinitis,"sneezing, runny nose, itchy eyes, watery eyes"
Allergic Rhinitis,"sneezing, runny nose, watery eyes"
Allergic Rhinitis,"sneezing, runny nose, nasal congestion"
Allergic Rhinitis,"sneezing, runny nose, itchy eyes, nasal congestion, watery eyes"
Allergic Rhinitis,"sneezing, itchy eyes, watery eyes"
Allergic Rhinitis,"runny nose, itchy eyes, watery eyes"
Allergic Rhinitis,"runny nose, nasal congestion, watery eyes"
Allergic Rhinitis,"sneezing, itchy eyes, nasal congestion"
Allergic Rhinitis,"sneezing, itchy eyes, nasal congestion, watery eyes"
Allergic Rhinitis,"sneezing, runny nose, itchy eyes, nasal congestion"
Allergic Rhinitis,"sneezing, runny nose, nasal congestion, watery eyes"
Allergic Rhinitis,"runny nose, itchy eyes, nasal congestion, watery eyes"
Allergic Rhinitis,"itchy eyes, nasal congestion, watery eyes"
Allergic Rhinitis,"sneezing, nasal congestion, watery eyes"
Allergic Rhinitis,"runny nose, itchy eyes, nasal congestion"
Allergic Rhinitis,"sneezing, runny nose, itchy eyes"
Anemia,"fatigue, pale skin, shortness of breath"
Anemia,"weakness, pale skin, shortness of breath"
Anemia,"fatigue, weakness, pale skin, shortness of breath"
Anemia,"fatigue, weakness, pale skin"
Anemia,"fatigue, weakness, shortness of breath"
Angina,"fatigue, chest tightness, pressure in chest"
Angina,"chest pain, fatigue, chest tightness"
Angina,"shortness of breath, chest tightness, pressure in chest"
Angina,"chest pain, shortness of breath, pressure in chest"
Angina,"chest pain, shortness of breath, fatigue, chest tightness"
Angina,"chest pain, fatigue, chest tightness, pressure in chest"
Angina,"shortness of breath, fatigue, pressure in chest"
Angina,"shortness of breath, fatigue, chest tightness"
Angina,"chest pain, shortness of breath, chest tightness"
Angina,"shortness of breath, fatigue, chest tightness, pressure in chest"
Angina,"chest pain, shortness of breath, chest tightness, pressure in chest"
Angina,"chest pain, shortness of breath, fatigue, pressure in chest"
Angina,"chest pain, shortness of breath, fatigue"
Angina,"chest pain, shortness of breath, fatigue, chest tightness, pressure in chest"
Angina,"chest pain, chest tightness, pressure in chest"
Angina,"chest pain, fatigue, pressure in chest"
Appendicitis,"nausea, vomiting, loss of appetite"
Appendicitis,"severe abdominal pain, nausea, loss of appetite"
Appendicitis,"nausea, vomiting, fever, loss of appetite"
Appendicitis,"severe abdominal pain, vomiting, fever"
Appendicitis,"severe abdominal pain, vomiting, fever, loss of appetite"
Appendicitis,"severe abdominal pain, nausea, vomiting, fever, loss of appetite"
Appendicitis,"severe abdominal pain, vomiting, loss of appetite"
Appendicitis,"severe abdominal pain, nausea, vomiting, loss of appetite"
Appendicitis,"severe abdominal pain, nausea, vomiting"
Appendicitis,"severe abdominal pain, nausea, vomiting, fever"
Appendicitis,"severe abdominal pain, fever, loss of appetite"
Appendicitis,"severe abdominal pain, nausea, fever, loss of appetite"
Appendicitis,"nausea, fever, loss of appetite"
Appendicitis,"nausea, vomiting, fever"
Appendicitis,"vomiting, fever, loss of appetite"
Appendicitis,"severe abdominal pain, nausea, fever"
Arrhythmia,"palpitations, dizziness, fatigue, shortness of breath"
Arrhythmia,"palpitations, dizziness, fatigue"
Arrhythmia,"dizziness, fatigue, shortness of breath"
Arrhythmia,"palpitations, fatigue, shortness of breath"
Arrhythmia,"palpitations, dizziness, shortness of breath"
Arthritis,"joint pain, swelling, reduced movement"
Arthritis,"joint pain, stiffness, swelling"
Arthritis,"stiffness, swelling, reduced movement"
Arthritis,"joint pain, stiffness, swelling, reduced movement"
Arthritis,"joint pain, stiffness, reduced movement"
Asthma,"shortness of breath, chest tightness, fatigue"
Asthma,"shortness of breath, cough, fatigue"
Asthma,"wheezing, shortness of breath, chest tightness, fatigue"
Asthma,"wheezing, cough, fatigue"
Asthma,"shortness of breath, chest tightness, cough"
Asthma,"wheezing, shortness of breath, chest tightness, cough"
Asthma,"wheezing, shortness of breath, cough, fatigue"
Asthma,"chest tightness, cough, fatigue"
Asthma,"wheezing, chest tightness, cough"
Asthma,"wheezing, shortness of breath, chest tightness, cough, fatigue"
Asthma,"wheezing, shortness of breath, chest tightness"
Asthma,"wheezing, shortness of breath, fatigue"
Asthma,"wheezing, chest tightness, fatigue"
Asthma,"wheezing, shortness of breath, cough"
Asthma,"shortness of breath, chest tightness, cough, fatigue"
Asthma,"wheezing, chest tightness, cough, fatigue"
Atherosclerosis,"chest pain, shortness of breath, numbness in limbs"
Atherosclerosis,"chest pain, shortness of breath, fatigue"
Atherosclerosis,"chest pain, leg pain during walking, numbness in limbs"
Atherosclerosis,"chest pain, fatigue, leg pain during walking"
Atherosclerosis,"chest pain, shortness of breath, fatigue, leg pain during walking"
Atherosclerosis,"shortness of breath, leg pain during walking, numbness in limbs"
Atherosclerosis,"chest pain, fatigue, leg pain during walking, numbness in limbs"
Atherosclerosis,"shortness of breath, fatigue, leg pain during walking"
Atherosclerosis,"chest pain, fatigue, numbness in limbs"
Atherosclerosis,"fatigue, leg pain during walking, numbness in limbs"
Atherosclerosis,"shortness of breath, fatigue, numbness in limbs"
Atherosclerosis,"shortness of breath, fatigue, leg pain during walking, numbness in limbs"
Atherosclerosis,"chest pain, shortness of breath, fatigue, numbness in limbs"
Atherosclerosis,"chest pain, shortness of breath, fatigue, leg pain during walking, numbness in limbs"
Atherosclerosis,"chest pain, shortness of breath, leg pain during walking"
Atherosclerosis,"chest pain, shortness of breath, leg pain during walking, numbness in limbs"
Bell?s Palsy,"facial weakness, difficulty speaking, loss of facial expression"
Bell?s Palsy,"facial weakness, difficulty speaking, drooling"
Bell?s Palsy,"facial weakness, drooping eyelid, difficulty speaking, drooling"
Bell?s Palsy,"facial weakness, loss of facial expression, drooling"
Bell?s Palsy,"facial weakness, drooping eyelid, difficulty speaking, loss of facial expression"
Bell?s Palsy,"drooping eyelid, difficulty speaking, drooling"
Bell?s Palsy,"facial weakness, drooping eyelid, difficulty speaking, loss of facial expression, drooling"
Bell?s Palsy,"difficulty speaking, loss of facial expression, drooling"
Bell?s Palsy,"facial weakness, drooping eyelid, loss of facial expression, drooling"
Bell?s Palsy,"facial weakness, difficulty speaking, loss of facial expression, drooling"
Bell?s Palsy,"drooping eyelid, loss of facial expression, drooling"
Bell?s Palsy,"drooping eyelid, difficulty speaking, loss of facial expression, drooling"
Bell?s Palsy,"facial weakness, drooping eyelid, loss of facial expression"
Bell?s Palsy,"facial weakness, drooping eyelid, difficulty speaking"
Bell?s Palsy,"facial weakness, drooping eyelid, drooling"
Bell?s Palsy,"drooping eyelid, difficulty speaking, loss of facial expression"
Brain Tumor,"persistent headache, nausea, seizures"
Brain Tumor,"persistent headache, vision problems, nausea"
Brain Tumor,"persistent headache, vision problems, seizures"
Brain Tumor,"persistent headache, vision problems, nausea, seizures"
Brain Tumor,"vision problems, nausea, seizures"
Bronchitis,"cough, mucus production, fatigue, shortness of breath"
Bronchitis,"cough, mucus production, fatigue, chest discomfort"
Bronchitis,"cough, mucus production, chest discomfort"
Bronchitis,"mucus production, fatigue, shortness of breath, chest discomfort"
Bronchitis,"cough, mucus production, shortness of breath, chest discomfort"
Bronchitis,"cough, mucus production, fatigue"
Bronchitis,"cough, fatigue, chest discomfort"
Bronchitis,"cough, mucus production, shortness of breath"
Bronchitis,"cough, shortness of breath, chest discomfort"
Bronchitis,"cough, fatigue, shortness of breath"
Bronchitis,"mucus production, fatigue, chest discomfort"
Bronchitis,"cough, fatigue, shortness of breath, chest discomfort"
Bronchitis,"cough, mucus production, fatigue, shortness of breath, chest discomfort"
Bronchitis,"mucus production, fatigue, shortness of breath"
Bronchitis,"fatigue, shortness of breath, chest discomfort"
Bronchitis,"mucus production, shortness of breath, chest discomfort"
COPD,"chronic cough, shortness of breath, wheezing, fatigue, chest tightness"
COPD,"chronic cough, shortness of breath, chest tightness"
COPD,"chronic cough, wheezing, fatigue, chest tightness"
COPD,"chronic cough, shortness of breath, wheezing, fatigue"
COPD,"shortness of breath, wheezing, fatigue"
COPD,"shortness of breath, wheezing, chest tightness"
COPD,"chronic cough, wheezing, chest tightness"
COPD,"chronic cough, shortness of breath, wheezing"
COPD,"wheezing, fatigue, chest tightness"
COPD,"chronic cough, shortness of breath, wheezing, chest tightness"
COPD,"chronic cough, shortness of breath, fatigue"
COPD,"shortness of breath, wheezing, fatigue, chest tightness"
COPD,"shortness of breath, fatigue, chest tightness"
COPD,"chronic cough, wheezing, fatigue"
COPD,"chronic cough, shortness of breath, fatigue, chest tightness"
COPD,"chronic cough, fatigue, chest tightness"
COVID-19,"dry cough, fatigue, loss of smell, loss of taste, shortness of breath"
COVID-19,"dry cough, fatigue, loss of smell, shortness of breath"
COVID-19,"fever, dry cough, fatigue, loss of smell, loss of taste"
COVID-19,"fever, dry cough, loss of smell, loss of taste, shortness of breath"
COVID-19,"dry cough, fatigue, loss of taste"
COVID-19,"fever, dry cough, fatigue, shortness of breath"
COVID-19,"dry cough, loss of smell, loss of taste"
COVID-19,"fever, dry cough, fatigue, loss of smell, shortness of breath"
COVID-19,"fever, dry cough, loss of taste"
COVID-19,"fever, loss of smell, loss of taste"
COVID-19,"dry cough, loss of smell, loss of taste, shortness of breath"
COVID-19,"fatigue, loss of taste, shortness of breath"
COVID-19,"dry cough, fatigue, loss of smell"
COVID-19,"fever, fatigue, loss of taste"
COVID-19,"fatigue, loss of smell, loss of taste, shortness of breath"
COVID-19,"fever, fatigue, shortness of breath"
COVID-19,"fever, fatigue, loss of smell, loss of taste"
COVID-19,"fever, dry cough, fatigue, loss of taste, shortness of breath"
COVID-19,"fatigue, loss of smell, shortness of breath"
COVID-19,"dry cough, fatigue, loss of taste, shortness of breath"
COVID-19,"fever, dry cough, loss of smell"
COVID-19,"dry cough, loss of smell, shortness of breath"
COVID-19,"fever, loss of taste, shortness of breath"
COVID-19,"fever, fatigue, loss of smell, loss of taste, shortness of breath"
COVID-19,"fever, dry cough, fatigue"
COVID-19,"fever, loss of smell, loss of taste, shortness of breath"
COVID-19,"dry cough, fatigue, shortness of breath"
COVID-19,"dry cough, fatigue, loss of smell, loss of taste"
COVID-19,"fever, dry cough, fatigue, loss of smell"
COVID-19,"fever, dry cough, fatigue, loss of taste"
COVID-19,"fever, dry cough, loss of smell, loss of taste"
COVID-19,"fatigue, loss of smell, loss of taste"
COVID-19,"fever, fatigue, loss of taste, shortness of breath"
COVID-19,"fever, fatigue, loss of smell, shortness of breath"
COVID-19,"fever, dry cough, loss of smell, shortness of breath"
COVID-19,"loss of smell, loss of taste, shortness of breath"
COVID-19,"fever, dry cough, shortness of breath"
COVID-19,"fever, fatigue, loss of smell"
COVID-19,"fever, dry cough, loss of taste, shortness of breath"
COVID-19,"dry cough, loss of taste, shortness of breath"
COVID-19,"fever, loss of smell, shortness of breath"
Cardiomyopathy,"fatigue, shortness of breath, swelling in legs, irregular heartbeat"
Cardiomyopathy,"swelling in legs, irregular heartbeat, dizziness"
Cardiomyopathy,"fatigue, shortness of breath, irregular heartbeat, dizziness"
Cardiomyopathy,"fatigue, swelling in legs, irregular heartbeat"
Cardiomyopathy,"shortness of breath, swelling in legs, irregular heartbeat, dizziness"
Cardiomyopathy,"fatigue, shortness of breath, irregular heartbeat"
Cardiomyopathy,"shortness of breath, swelling in legs, irregular heartbeat"
Cardiomyopathy,"fatigue, shortness of breath, dizziness"
Cardiomyopathy,"fatigue, irregular heartbeat, dizziness"
Cardiomyopathy,"fatigue, swelling in legs, dizziness"
Cardiomyopathy,"fatigue, shortness of breath, swelling in legs"
Cardiomyopathy,"fatigue, swelling in legs, irregular heartbeat, dizziness"
Cardiomyopathy,"shortness of breath, swelling in legs, dizziness"
Cardiomyopathy,"fatigue, shortness of breath, swelling in legs, dizziness"
Cardiomyopathy,"shortness of breath, irregular heartbeat, dizziness"
Cardiomyopathy,"fatigue, shortness of breath, swelling in legs, irregular heartbeat, dizziness"
Cellulitis,"swelling, pain, warm skin"
Cellulitis,"skin redness, swelling, fever"
Cellulitis,"skin redness, swelling, warm skin"
Cellulitis,"skin redness, swelling, pain"
Cellulitis,"skin redness, warm skin, fever"
Cellulitis,"skin redness, pain, fever"
Cellulitis,"skin redness, swelling, pain, warm skin, fever"
Cellulitis,"skin redness, swelling, pain, warm skin"
Cellulitis,"skin redness, swelling, pain, fever"
Cellulitis,"skin redness, pain, warm skin"
Cellulitis,"pain, warm skin, fever"
Cellulitis,"swelling, pain, warm skin, fever"
Cellulitis,"swelling, pain, fever"
Cellulitis,"skin redness, swelling, warm skin, fever"
Cellulitis,"swelling, warm skin, fever"
Cellulitis,"skin redness, pain, warm skin, fever"
Chickenpox,"rash, fever, loss of appetite"
Chickenpox,"rash, fever, headache"
Chickenpox,"rash, fever, fatigue, loss of appetite, headache"
Chickenpox,"rash, fever, fatigue, loss of appetite"
Chickenpox,"rash, fatigue, loss of appetite"
Chickenpox,"rash, fatigue, headache"
Chickenpox,"fever, fatigue, loss of appetite"
Chickenpox,"rash, fatigue, loss of appetite, headache"
Chickenpox,"rash, fever, loss of appetite, headache"
Chickenpox,"rash, fever, fatigue, headache"
Chickenpox,"fever, loss of appetite, headache"
Chickenpox,"fatigue, loss of appetite, headache"
Chickenpox,"fever, fatigue, headache"
Chickenpox,"fever, fatigue, loss of appetite, headache"
Chickenpox,"rash, fever, fatigue"
Chickenpox,"rash, loss of appetite, headache"
Chronic Kidney Disease,"fatigue, swelling in legs, loss of appetite"
Chronic Kidney Disease,"fatigue, nausea, loss of appetite"
Chronic Kidney Disease,"fatigue, swelling in legs, nausea"
Chronic Kidney Disease,"swelling in legs, nausea, loss of appetite"
Chronic Kidney Disease,"fatigue, swelling in legs, nausea, loss of appetite"
Common Cold,"runny nose, sore throat, congestion, headache"
Common Cold,"sneezing, cough, congestion, headache"
Common Cold,"runny nose, sneezing, cough"
Common Cold,"sneezing, congestion, headache"
Common Cold,"sneezing, sore throat, cough, headache"
Common Cold,"runny nose, cough, congestion"
Common Cold,"sneezing, sore throat, congestion, headache"
Common Cold,"runny nose, sneezing, sore throat, headache"
Common Cold,"sore throat, cough, congestion, headache"
Common Cold,"runny nose, sneezing, sore throat"
Common Cold,"runny nose, cough, headache"
Common Cold,"sneezing, sore throat, congestion"
Common Cold,"runny nose, sneezing, sore throat, congestion"
Common Cold,"sore throat, cough, congestion"
Common Cold,"sneezing, sore throat, cough"
Common Cold,"sore throat, congestion, headache"
Common Cold,"runny nose, congestion, headache"
Common Cold,"sneezing, sore throat, cough, congestion"
Common Cold,"runny nose, sneezing, cough, congestion, headache"
Common Cold,"sneezing, sore throat, headache"
Common Cold,"sore throat, cough, headache"
Common Cold,"runny nose, sore throat, congestion"
Common Cold,"runny nose, sore throat, cough, congestion"
Common Cold,"sneezing, sore throat, cough, congestion, headache"
Common Cold,"sneezing, cough, headache"
Common Cold,"runny nose, sneezing, sore throat, cough, headache"
Common Cold,"sneezing, cough, congestion"
Common Cold,"runny nose, sore throat, cough"
Common Cold,"runny nose, sneezing, sore throat, cough"
Common Cold,"runny nose, cough, congestion, headache"
Common Cold,"runny nose, sore throat, cough, congestion, headache"
Common Cold,"cough, congestion, headache"
Common Cold,"runny nose, sore throat, cough, headache"
Common Cold,"runny nose, sneezing, congestion"
Common Cold,"runny nose, sneezing, sore throat, congestion, headache"
Common Cold,"runny nose, sore throat, headache"
Common Cold,"runny nose, sneezing, congestion, headache"
Common Cold,"runny nose, sneezing, headache"
Common Cold,"runny nose, sneezing, sore throat, cough, congestion"
Common Cold,"runny nose, sneezing, cough, headache"
Common Cold,"runny nose, sneezing, cough, congestion"
Constipation,"bloating, infrequent stools, straining during bowel movements"
Constipation,"abdominal discomfort, straining during bowel movements, hard stools"
Constipation,"abdominal discomfort, infrequent stools, straining during bowel movements, hard stools"
Constipation,"abdominal discomfort, bloating, straining during bowel movements"
Constipation,"bloating, straining during bowel movements, hard stools"
Constipation,"abdominal discomfort, bloating, infrequent stools, straining during bowel movements, hard stools"
Constipation,"bloating, infrequent stools, hard stools"
Constipation,"abdominal discomfort, infrequent stools, straining during bowel movements"
Constipation,"abdominal discomfort, infrequent stools, hard stools"
Constipation,"abdominal discomfort, bloating, infrequent stools, hard stools"
Constipation,"infrequent stools, straining during bowel movements, hard stools"
Constipation,"bloating, infrequent stools, straining during bowel movements, hard stools"
Constipation,"abdominal discomfort, bloating, infrequent stools, straining during bowel movements"
Constipation,"abdominal discomfort, bloating, hard stools"
Constipation,"abdominal discomfort, bloating, infrequent stools"
Constipation,"abdominal discomfort, bloating, straining during bowel movements, hard stools"
Dengue,"high fever, muscle pain, nausea"
Dengue,"high fever, muscle pain, rash"
Dengue,"high fever, joint pain, nausea"
Dengue,"high fever, severe headache, joint pain, muscle pain, rash"
Dengue,"severe headache, joint pain, rash"
Dengue,"severe headache, joint pain, nausea"
Dengue,"high fever, severe headache, joint pain, muscle pain"
Dengue,"high fever, joint pain, rash, nausea"
Dengue,"high fever, joint pain, muscle pain"
Dengue,"high fever, severe headache, muscle pain, rash, nausea"
Dengue,"high fever, severe headache, joint pain, muscle pain, nausea"
Dengue,"high fever, severe headache, nausea"
Dengue,"high fever, severe headache, rash, nausea"
Dengue,"high fever, joint pain, muscle pain, rash, nausea"
Dengue,"joint pain, muscle pain, rash"
Dengue,"high fever, joint pain, muscle pain, nausea"
Dengue,"high fever, severe headache, joint pain, rash"
Dengue,"high fever, joint pain, muscle pain, rash"
Dengue,"high fever, rash, nausea"
Dengue,"high fever, severe headache, muscle pain"
Dengue,"severe headache, joint pain, muscle pain, rash, nausea"
Dengue,"high fever, muscle pain, rash, nausea"
Dengue,"severe headache, muscle pain, nausea"
Dengue,"high fever, severe headache, joint pain, rash, nausea"
Dengue,"high fever, joint pain, rash"
Dengue,"severe headache, joint pain, rash, nausea"
Dengue,"high fever, severe headache, joint pain, nausea"
Dengue,"high fever, severe headache, muscle pain, rash"
Dengue,"high fever, severe headache, rash"
Dengue,"severe headache, muscle pain, rash"
Dengue,"muscle pain, rash, nausea"
Dengue,"joint pain, muscle pain, nausea"
Dengue,"severe headache, joint pain, muscle pain, rash"
Dengue,"joint pain, muscle pain, rash, nausea"
Dengue,"severe headache, joint pain, muscle pain"
Dengue,"joint pain, rash, nausea"
Dengue,"severe headache, rash, nausea"
Dengue,"severe headache, muscle pain, rash, nausea"
Dengue,"severe headache, joint pain, muscle pain, nausea"
Dengue,"high fever, severe headache, muscle pain, nausea"
Dengue,"high fever, severe headache, joint pain"
Diabetes Type 1,"frequent urination, fatigue, weight loss"
Diabetes Type 1,"increased thirst, fatigue, weight loss"
Diabetes Type 1,"frequent urination, increased thirst, fatigue, weight loss"
Diabetes Type 1,"frequent urination, increased thirst, weight loss"
Diabetes Type 1,"frequent urination, increased thirst, fatigue"
Diabetes Type 2,"increased thirst, fatigue, blurred vision"
Diabetes Type 2,"frequent urination, increased thirst, blurred vision"
Diabetes Type 2,"frequent urination, fatigue, blurred vision"
Diabetes Type 2,"frequent urination, increased thirst, fatigue"
Diabetes Type 2,"frequent urination, increased thirst, fatigue, blurred vision"
Diarrhea,"watery stools, nausea, weakness"
Diarrhea,"abdominal cramps, nausea, weakness"
Diarrhea,"watery stools, abdominal cramps, nausea"
Diarrhea,"watery stools, abdominal cramps, nausea, weakness"
Diarrhea,"watery stools, abdominal cramps, weakness"
Eczema,"itchy skin, red rash, skin cracking"
Eczema,"itchy skin, red rash, dry skin, skin inflammation"
Eczema,"itchy skin, red rash, dry skin"
Eczema,"red rash, skin cracking, skin inflammation"
Eczema,"itchy skin, dry skin, skin cracking, skin inflammation"
Eczema,"itchy skin, red rash, dry skin, skin cracking, skin inflammation"
Eczema,"itchy skin, skin cracking, skin inflammation"
Eczema,"red rash, dry skin, skin cracking"
Eczema,"itchy skin, red rash, skin inflammation"
Eczema,"itchy skin, dry skin, skin inflammation"
Eczema,"red rash, dry skin, skin cracking, skin inflammation"
Eczema,"dry skin, skin cracking, skin inflammation"
Eczema,"itchy skin, red rash, skin cracking, skin inflammation"
Eczema,"itchy skin, red rash, dry skin, skin cracking"
Eczema,"red rash, dry skin, skin inflammation"
Eczema,"itchy skin, dry skin, skin cracking"
Epilepsy,"seizures, loss of awareness, temporary staring spells, uncontrolled jerking movements"
Epilepsy,"seizures, confusion, loss of awareness, temporary staring spells"
Epilepsy,"confusion, loss of awareness, temporary staring spells, uncontrolled jerking movements"
Epilepsy,"loss of awareness, temporary staring spells, uncontrolled jerking movements"
Epilepsy,"seizures, temporary staring spells, uncontrolled jerking movements"
Epilepsy,"seizures, confusion, loss of awareness, temporary staring spells, uncontrolled jerking movements"
Epilepsy,"confusion, loss of awareness, temporary staring spells"
Epilepsy,"seizures, confusion, uncontrolled jerking movements"
Epilepsy,"seizures, confusion, loss of awareness, uncontrolled jerking movements"
Epilepsy,"seizures, loss of awareness, uncontrolled jerking movements"
Epilepsy,"seizures, confusion, temporary staring spells"
Epilepsy,"seizures, loss of awareness, temporary staring spells"
Epilepsy,"seizures, confusion, loss of awareness"
Epilepsy,"seizures, confusion, temporary staring spells, uncontrolled jerking movements"
Epilepsy,"confusion, temporary staring spells, uncontrolled jerking movements"
Epilepsy,"confusion, loss of awareness, uncontrolled jerking movements"
Food Poisoning,"nausea, vomiting, diarrhea, abdominal cramps, fever"
Food Poisoning,"vomiting, diarrhea, abdominal cramps, fever"
Food Poisoning,"vomiting, diarrhea, abdominal cramps"
Food Poisoning,"nausea, vomiting, abdominal cramps, fever"
Food Poisoning,"nausea, diarrhea, abdominal cramps, fever"
Food Poisoning,"vomiting, diarrhea, fever"
Food Poisoning,"nausea, vomiting, diarrhea, fever"
Food Poisoning,"nausea, abdominal cramps, fever"
Food Poisoning,"nausea, diarrhea, fever"
Food Poisoning,"nausea, vomiting, abdominal cramps"
Food Poisoning,"nausea, vomiting, diarrhea"
Food Poisoning,"nausea, vomiting, fever"
Food Poisoning,"vomiting, abdominal cramps, fever"
Food Poisoning,"diarrhea, abdominal cramps, fever"
Food Poisoning,"nausea, vomiting, diarrhea, abdominal cramps"
Food Poisoning,"nausea, diarrhea, abdominal cramps"
Fungal Infection,"itching, red rash, burning sensation"
Fungal Infection,"itching, skin peeling, burning sensation, skin irritation"
Fungal Infection,"itching, red rash, skin peeling, skin irritation"
Fungal Infection,"itching, burning sensation, skin irritation"
Fungal Infection,"itching, red rash, skin peeling"
Fungal Infection,"itching, red rash, skin irritation"
Fungal Infection,"itching, red rash, skin peeling, burning sensation, skin irritation"
Fungal Infection,"itching, red rash, burning sensation, skin irritation"
Fungal Infection,"itching, skin peeling, burning sensation"
Fungal Infection,"skin peeling, burning sensation, skin irritation"
Fungal Infection,"itching, skin peeling, skin irritation"
Fungal Infection,"red rash, skin peeling, skin irritation"
Fungal Infection,"itching, red rash, skin peeling, burning sensation"
Fungal Infection,"red rash, skin peeling, burning sensation"
Fungal Infection,"red rash, burning sensation, skin irritation"
Fungal Infection,"red rash, skin peeling, burning sensation, skin irritation"
GERD,"nausea, regurgitation, sore throat"
GERD,"heartburn, nausea, sore throat"
GERD,"heartburn, chest discomfort, regurgitation"
GERD,"heartburn, chest discomfort, nausea, regurgitation"
GERD,"chest discomfort, regurgitation, sore throat"
GERD,"heartburn, chest discomfort, sore throat"
GERD,"heartburn, chest discomfort, nausea, sore throat"
GERD,"heartburn, chest discomfort, nausea, regurgitation, sore throat"
GERD,"chest discomfort, nausea, sore throat"
GERD,"chest discomfort, nausea, regurgitation, sore throat"
GERD,"heartburn, chest discomfort, nausea"
GERD,"heartburn, regurgitation, sore throat"
GERD,"chest discomfort, nausea, regurgitation"
GERD,"heartburn, nausea, regurgitation"
GERD,"heartburn, nausea, regurgitation, sore throat"
GERD,"heartburn, chest discomfort, regurgitation, sore throat"
Gallstones,"abdominal pain, nausea, vomiting, indigestion"
Gallstones,"abdominal pain, nausea, indigestion"
Gallstones,"abdominal pain, nausea, vomiting"
Gallstones,"nausea, vomiting, indigestion"
Gallstones,"abdominal pain, vomiting, indigestion"
Gastritis,"nausea, vomiting, bloating"
Gastritis,"abdominal pain, nausea, bloating, loss of appetite"
Gastritis,"vomiting, bloating, loss of appetite"
Gastritis,"abdominal pain, vomiting, bloating"
Gastritis,"abdominal pain, nausea, vomiting"
Gastritis,"nausea, vomiting, loss of appetite"
Gastritis,"abdominal pain, vomiting, loss of appetite"
Gastritis,"abdominal pain, nausea, loss of appetite"
Gastritis,"abdominal pain, nausea, bloating"
Gastritis,"abdominal pain, nausea, vomiting, bloating"
Gastritis,"abdominal pain, nausea, vomiting, bloating, loss of appetite"
Gastritis,"nausea, vomiting, bloating, loss of appetite"
Gastritis,"abdominal pain, bloating, loss of appetite"
Gastritis,"abdominal pain, nausea, vomiting, loss of appetite"
Gastritis,"nausea, bloating, loss of appetite"
Gastritis,"abdominal pain, vomiting, bloating, loss of appetite"
Gout,"severe joint pain, redness in joints, warm joints"
Gout,"severe joint pain, swelling, joint stiffness, warm joints"
Gout,"severe joint pain, swelling, redness in joints"
Gout,"swelling, redness in joints, joint stiffness"
Gout,"severe joint pain, joint stiffness, warm joints"
Gout,"severe joint pain, swelling, redness in joints, warm joints"
Gout,"severe joint pain, swelling, joint stiffness"
Gout,"redness in joints, joint stiffness, warm joints"
Gout,"swelling, redness in joints, warm joints"
Gout,"severe joint pain, swelling, warm joints"
Gout,"severe joint pain, swelling, redness in joints, joint stiffness"
Gout,"severe joint pain, redness in joints, joint stiffness"
Gout,"severe joint pain, swelling, redness in joints, joint stiffness, warm joints"
Gout,"severe joint pain, redness in joints, joint stiffness, warm joints"
Gout,"swelling, redness in joints, joint stiffness, warm joints"
Gout,"swelling, joint stiffness, warm joints"
Heart Attack,"chest pain, nausea, sweating, arm pain"
Heart Attack,"shortness of breath, nausea, sweating, arm pain"
Heart Attack,"chest pain, shortness of breath, nausea, sweating, arm pain"
Heart Attack,"shortness of breath, nausea, sweating"
Heart Attack,"chest pain, shortness of breath, nausea, arm pain"
Heart Attack,"shortness of breath, nausea, arm pain"
Heart Attack,"chest pain, shortness of breath, nausea"
Heart Attack,"chest pain, nausea, arm pain"
Heart Attack,"chest pain, nausea, sweating"
Heart Attack,"shortness of breath, sweating, arm pain"
Heart Attack,"chest pain, sweating, arm pain"
Heart Attack,"chest pain, shortness of breath, arm pain"
Heart Attack,"chest pain, shortness of breath, sweating"
Heart Attack,"nausea, sweating, arm pain"
Heart Attack,"chest pain, shortness of breath, nausea, sweating"
Heart Attack,"chest pain, shortness of breath, sweating, arm pain"
Heart Failure,"shortness of breath, fatigue, swelling in legs, cough"
Heart Failure,"shortness of breath, fatigue, cough"
Heart Failure,"shortness of breath, swelling in legs, cough"
Heart Failure,"shortness of breath, fatigue, swelling in legs"
Heart Failure,"fatigue, swelling in legs, cough"
Hepatitis A,"abdominal pain, loss of appetite, jaundice"
Hepatitis A,"nausea, abdominal pain, loss of appetite, jaundice"
Hepatitis A,"fatigue, nausea, loss of appetite"
Hepatitis A,"fatigue, nausea, jaundice"
Hepatitis A,"fatigue, nausea, abdominal pain, loss of appetite, jaundice"
Hepatitis A,"fatigue, nausea, abdominal pain"
Hepatitis A,"fatigue, nausea, loss of appetite, jaundice"
Hepatitis A,"fatigue, abdominal pain, jaundice"
Hepatitis A,"fatigue, nausea, abdominal pain, jaundice"
Hepatitis A,"fatigue, nausea, abdominal pain, loss of appetite"
Hepatitis A,"nausea, abdominal pain, jaundice"
Hepatitis A,"fatigue, abdominal pain, loss of appetite"
Hepatitis A,"fatigue, loss of appetite, jaundice"
Hepatitis A,"fatigue, abdominal pain, loss of appetite, jaundice"
Hepatitis A,"nausea, loss of appetite, jaundice"
Hepatitis A,"nausea, abdominal pain, loss of appetite"
Hepatitis B,"fatigue, abdominal pain, joint pain"
Hepatitis B,"fatigue, nausea, abdominal pain, jaundice, joint pain"
Hepatitis B,"fatigue, abdominal pain, jaundice, joint pain"
Hepatitis B,"fatigue, abdominal pain, jaundice"
Hepatitis B,"fatigue, nausea, abdominal pain, jaundice"
Hepatitis B,"fatigue, nausea, jaundice, joint pain"
Hepatitis B,"nausea, abdominal pain, jaundice, joint pain"
Hepatitis B,"fatigue, nausea, joint pain"
Hepatitis B,"abdominal pain, jaundice, joint pain"
Hepatitis B,"fatigue, jaundice, joint pain"
Hepatitis B,"fatigue, nausea, abdominal pain, joint pain"
Hepatitis B,"nausea, abdominal pain, joint pain"
Hepatitis B,"nausea, abdominal pain, jaundice"
Hepatitis B,"fatigue, nausea, jaundice"
Hepatitis B,"nausea, jaundice, joint pain"
Hepatitis B,"fatigue, nausea, abdominal pain"
Hepatitis C,"fatigue, abdominal discomfort, loss of appetite"
Hepatitis C,"nausea, abdominal discomfort, jaundice"
Hepatitis C,"fatigue, abdominal discomfort, jaundice"
Hepatitis C,"fatigue, abdominal discomfort, jaundice, loss of appetite"
Hepatitis C,"abdominal discomfort, jaundice, loss of appetite"
Hepatitis C,"fatigue, nausea, abdominal discomfort, jaundice, loss of appetite"
Hepatitis C,"nausea, abdominal discomfort, jaundice, loss of appetite"
Hepatitis C,"fatigue, nausea, jaundice"
Hepatitis C,"fatigue, nausea, jaundice, loss of appetite"
Hepatitis C,"fatigue, jaundice, loss of appetite"
Hepatitis C,"fatigue, nausea, abdominal discomfort"
Hepatitis C,"nausea, abdominal discomfort, loss of appetite"
Hepatitis C,"fatigue, nausea, abdominal discomfort, loss of appetite"
Hepatitis C,"fatigue, nausea, abdominal discomfort, jaundice"
Hepatitis C,"fatigue, nausea, loss of appetite"
Hepatitis C,"nausea, jaundice, loss of appetite"
Hypertension,"headache, chest pain, fatigue"
Hypertension,"chest pain, vision problems, fatigue"
Hypertension,"headache, chest pain, vision problems"
Hypertension,"headache, chest pain, vision problems, fatigue"
Hypertension,"headache, vision problems, fatigue"
Hyperthyroidism,"weight loss, anxiety, sweating"
Hyperthyroidism,"rapid heartbeat, anxiety, sweating"
Hyperthyroidism,"weight loss, rapid heartbeat, anxiety"
Hyperthyroidism,"weight loss, rapid heartbeat, anxiety, sweating"
Hyperthyroidism,"weight loss, rapid heartbeat, sweating"
Hypothyroidism,"fatigue, weight gain, cold sensitivity, slow heart rate"
Hypothyroidism,"weight gain, cold sensitivity, slow heart rate"
Hypothyroidism,"fatigue, weight gain, cold sensitivity"
Hypothyroidism,"fatigue, weight gain, slow heart rate"
Hypothyroidism,"fatigue, cold sensitivity, slow heart rate"
Influenza,"chills, cough, fatigue"
Influenza,"fever, cough, muscle pain, headache"
Influenza,"chills, fatigue, headache"
Influenza,"fever, cough, fatigue, headache"
Influenza,"chills, fatigue, muscle pain"
Influenza,"chills, muscle pain, headache, sore throat"
Influenza,"fever, fatigue, muscle pain, headache, sore throat"
Influenza,"chills, fatigue, muscle pain, headache"
Influenza,"fever, cough, headache, sore throat"
Influenza,"fever, chills, muscle pain, headache"
Influenza,"fever, chills, cough, muscle pain"
Influenza,"cough, fatigue, muscle pain"
Influenza,"fever, fatigue, sore throat"
Influenza,"fever, cough, muscle pain, sore throat"
Influenza,"fever, chills, cough, muscle pain, headache"
Influenza,"chills, cough, muscle pain, headache"
Influenza,"fever, chills, cough, muscle pain, sore throat"
Influenza,"fatigue, muscle pain, headache"
Influenza,"fever, chills, headache, sore throat"
Influenza,"fever, cough, sore throat"
Influenza,"chills, muscle pain, sore throat"
Influenza,"fever, chills, cough, fatigue, sore throat"
Influenza,"fever, chills, cough, fatigue, headache"
Influenza,"chills, cough, muscle pain, sore throat"
Influenza,"chills, fatigue, headache, sore throat"
Influenza,"fatigue, muscle pain, sore throat"
Influenza,"cough, fatigue, sore throat"
Influenza,"fever, fatigue, headache, sore throat"
Influenza,"chills, cough, fatigue, muscle pain"
Influenza,"fever, chills, fatigue, muscle pain"
Influenza,"fever, chills, cough, headache"
Influenza,"fever, chills, fatigue, headache"
Influenza,"chills, muscle pain, headache"
Influenza,"chills, cough, fatigue, headache"
Influenza,"fever, chills, headache"
Influenza,"fever, fatigue, muscle pain, headache"
Influenza,"cough, fatigue, muscle pain, headache"
Influenza,"chills, cough, fatigue, muscle pain, sore throat"
Influenza,"fever, chills, cough, fatigue"
Influenza,"cough, muscle pain, sore throat"
Influenza,"fever, chills, muscle pain"
Influenza,"cough, muscle pain, headache, sore throat"
Irritable Bowel Syndrome,"abdominal pain, diarrhea, constipation"
Irritable Bowel Syndrome,"abdominal pain, bloating, constipation"
Irritable Bowel Syndrome,"abdominal pain, bloating, diarrhea"
Irritable Bowel Syndrome,"bloating, diarrhea, constipation"
Irritable Bowel Syndrome,"abdominal pain, bloating, diarrhea, constipation"
Kidney Infection,"fever, back pain, frequent urination"
Kidney Infection,"back pain, nausea, frequent urination"
Kidney Infection,"fever, back pain, nausea"
Kidney Infection,"fever, nausea, frequent urination"
Kidney Infection,"fever, back pain, nausea, frequent urination"
Kidney Stones,"severe abdominal pain, nausea, blood in urine"
Kidney Stones,"back pain, nausea, blood in urine"
Kidney Stones,"severe abdominal pain, back pain, nausea"
Kidney Stones,"severe abdominal pain, back pain, blood in urine"
Kidney Stones,"severe abdominal pain, back pain, nausea, blood in urine"
Malaria,"sweating, headache, nausea, fatigue"
Malaria,"sweating, nausea, fatigue"
Malaria,"fever, chills, sweating, nausea, fatigue"
Malaria,"fever, sweating, headache, fatigue"
Malaria,"chills, headache, nausea"
Malaria,"chills, nausea, fatigue"
Malaria,"chills, headache, nausea, fatigue"
Malaria,"fever, chills, sweating, fatigue"
Malaria,"fever, chills, sweating, headache"
Malaria,"fever, chills, headache, nausea"
Malaria,"fever, chills, sweating, headache, nausea"
Malaria,"fever, sweating, headache, nausea"
Malaria,"chills, sweating, nausea"
Malaria,"fever, sweating, nausea"
Malaria,"chills, sweating, headache, nausea, fatigue"
Malaria,"sweating, headache, fatigue"
Malaria,"fever, nausea, fatigue"
Malaria,"fever, sweating, fatigue"
Malaria,"chills, sweating, nausea, fatigue"
Malaria,"fever, chills, headache"
Malaria,"fever, chills, sweating"
Malaria,"fever, headache, nausea, fatigue"
Malaria,"fever, sweating, nausea, fatigue"
Malaria,"fever, chills, nausea"
Malaria,"headache, nausea, fatigue"
Malaria,"fever, chills, headache, fatigue"
Malaria,"chills, headache, fatigue"
Malaria,"fever, chills, fatigue"
Malaria,"fever, chills, headache, nausea, fatigue"
Malaria,"chills, sweating, headache"
Malaria,"chills, sweating, headache, nausea"
Malaria,"fever, sweating, headache, nausea, fatigue"
Malaria,"fever, headache, fatigue"
Malaria,"fever, chills, sweating, headache, fatigue"
Malaria,"fever, headache, nausea"
Malaria,"chills, sweating, headache, fatigue"
Malaria,"fever, chills, nausea, fatigue"
Malaria,"fever, sweating, headache"
Malaria,"chills, sweating, fatigue"
Malaria,"fever, chills, sweating, nausea"
Malaria,"sweating, headache, nausea"
Measles,"rash, cough, runny nose, red eyes"
Measles,"rash, fever, red eyes"
Measles,"rash, fever, cough"
Measles,"rash, fever, runny nose, red eyes"
Measles,"rash, cough, runny nose"
Measles,"cough, runny nose, red eyes"
Measles,"fever, cough, runny nose, red eyes"
Measles,"rash, fever, runny nose"
Measles,"rash, fever, cough, runny nose, red eyes"
Measles,"fever, cough, runny nose"
Measles,"rash, runny nose, red eyes"
Measles,"rash, fever, cough, runny nose"
Measles,"fever, runny nose, red eyes"
Measles,"rash, cough, red eyes"
Measles,"rash, fever, cough, red eyes"
Measles,"fever, cough, red eyes"
Meningitis,"fever, stiff neck, headache, nausea"
Meningitis,"fever, stiff neck, nausea"
Meningitis,"fever, headache, nausea, confusion"
Meningitis,"stiff neck, nausea, confusion"
Meningitis,"fever, nausea, confusion"
Meningitis,"fever, headache, nausea"
Meningitis,"fever, stiff neck, confusion"
Meningitis,"stiff neck, headache, nausea, confusion"
Meningitis,"fever, stiff neck, headache, nausea, confusion"
Meningitis,"fever, stiff neck, nausea, confusion"
Meningitis,"stiff neck, headache, confusion"
Meningitis,"stiff neck, headache, nausea"
Meningitis,"fever, stiff neck, headache, confusion"
Meningitis,"fever, headache, confusion"
Meningitis,"headache, nausea, confusion"
Meningitis,"fever, stiff neck, headache"
Migraine,"nausea, vomiting, light sensitivity, blurred vision"
Migraine,"headache, nausea, vomiting, light sensitivity"
Migraine,"headache, nausea, light sensitivity"
Migraine,"headache, light sensitivity, blurred vision"
Migraine,"headache, nausea, vomiting, blurred vision"
Migraine,"headache, nausea, vomiting"
Migraine,"nausea, light sensitivity, blurred vision"
Migraine,"headache, nausea, vomiting, light sensitivity, blurred vision"
Migraine,"headache, vomiting, light sensitivity, blurred vision"
Migraine,"headache, vomiting, blurred vision"
Migraine,"headache, nausea, blurred vision"
Migraine,"headache, nausea, light sensitivity, blurred vision"
Migraine,"vomiting, light sensitivity, blurred vision"
Migraine,"nausea, vomiting, blurred vision"
Migraine,"headache, vomiting, light sensitivity"
Migraine,"nausea, vomiting, light sensitivity"
Multiple Sclerosis,"numbness, weakness, fatigue"
Multiple Sclerosis,"numbness, vision problems, fatigue"
Multiple Sclerosis,"numbness, weakness, vision problems"
Multiple Sclerosis,"numbness, weakness, vision problems, fatigue"
Multiple Sclerosis,"weakness, vision problems, fatigue"
Mumps,"swollen glands, fever, headache, muscle pain"
Mumps,"fever, headache, muscle pain, fatigue"
Mumps,"swollen glands, fever, headache, fatigue"
Mumps,"swollen glands, muscle pain, fatigue"
Mumps,"fever, headache, fatigue"
Mumps,"swollen glands, fever, headache, muscle pain, fatigue"
Mumps,"headache, muscle pain, fatigue"
Mumps,"fever, muscle pain, fatigue"
Mumps,"swollen glands, fever, fatigue"
Mumps,"fever, headache, muscle pain"
Mumps,"swollen glands, fever, muscle pain, fatigue"
Mumps,"swollen glands, fever, muscle pain"
Mumps,"swollen glands, fever, headache"
Mumps,"swollen glands, headache, muscle pain"
Mumps,"swollen glands, headache, muscle pain, fatigue"
Mumps,"swollen glands, headache, fatigue"
Muscle Strain,"muscle pain, swelling, limited movement, muscle stiffness, bruising"
Muscle Strain,"muscle pain, swelling, limited movement"
Muscle Strain,"swelling, limited movement, muscle stiffness"
Muscle Strain,"muscle pain, swelling, bruising"
Muscle Strain,"muscle pain, swelling, muscle stiffness, bruising"
Muscle Strain,"muscle pain, limited movement, bruising"
Muscle Strain,"muscle pain, limited movement, muscle stiffness, bruising"
Muscle Strain,"swelling, limited movement, bruising"
Muscle Strain,"swelling, limited movement, muscle stiffness, bruising"
Muscle Strain,"muscle pain, limited movement, muscle stiffness"
Muscle Strain,"muscle pain, swelling, limited movement, bruising"
Muscle Strain,"muscle pain, swelling, muscle stiffness"
Muscle Strain,"muscle pain, muscle stiffness, bruising"
Muscle Strain,"swelling, muscle stiffness, bruising"
Muscle Strain,"muscle pain, swelling, limited movement, muscle stiffness"
Muscle Strain,"limited movement, muscle stiffness, bruising"
Nephritis,"foamy urine, fatigue, decreased urine output"
Nephritis,"swelling in face, foamy urine, decreased urine output"
Nephritis,"swelling in face, high blood pressure, foamy urine, fatigue, decreased urine output"
Nephritis,"swelling in face, high blood pressure, fatigue, decreased urine output"
Nephritis,"high blood pressure, foamy urine, decreased urine output"
Nephritis,"high blood pressure, foamy urine, fatigue"
Nephritis,"swelling in face, high blood pressure, foamy urine"
Nephritis,"swelling in face, high blood pressure, foamy urine, decreased urine output"
Nephritis,"high blood pressure, fatigue, decreased urine output"
Nephritis,"swelling in face, high blood pressure, foamy urine, fatigue"
Nephritis,"swelling in face, high blood pressure, fatigue"
Nephritis,"swelling in face, foamy urine, fatigue, decreased urine output"
Nephritis,"swelling in face, high blood pressure, decreased urine output"
Nephritis,"swelling in face, foamy urine, fatigue"
Nephritis,"swelling in face, fatigue, decreased urine output"
Nephritis,"high blood pressure, foamy urine, fatigue, decreased urine output"
Obesity,"fatigue, excessive sweating, snoring"
Obesity,"fatigue, shortness of breath, snoring"
Obesity,"fatigue, joint pain, excessive sweating, snoring"
Obesity,"fatigue, shortness of breath, joint pain, snoring"
Obesity,"shortness of breath, excessive sweating, snoring"
Obesity,"fatigue, shortness of breath, excessive sweating"
Obesity,"fatigue, shortness of breath, excessive sweating, snoring"
Obesity,"shortness of breath, joint pain, excessive sweating"
Obesity,"shortness of breath, joint pain, snoring"
Obesity,"fatigue, joint pain, excessive sweating"
Obesity,"fatigue, shortness of breath, joint pain, excessive sweating"
Obesity,"fatigue, shortness of breath, joint pain"
Obesity,"shortness of breath, joint pain, excessive sweating, snoring"
Obesity,"fatigue, shortness of breath, joint pain, excessive sweating, snoring"
Obesity,"fatigue, joint pain, snoring"
Obesity,"joint pain, excessive sweating, snoring"
Osteoporosis,"bone pain, fractures, loss of height"
Osteoporosis,"fractures, back pain, stooped posture"
Osteoporosis,"bone pain, fractures, back pain, stooped posture"
Osteoporosis,"bone pain, back pain, loss of height, stooped posture"
Osteoporosis,"fractures, loss of height, stooped posture"
Osteoporosis,"bone pain, fractures, stooped posture"
Osteoporosis,"bone pain, fractures, back pain"
Osteoporosis,"bone pain, fractures, loss of height, stooped posture"
Osteoporosis,"fractures, back pain, loss of height, stooped posture"
Osteoporosis,"bone pain, loss of height, stooped posture"
Osteoporosis,"bone pain, back pain, loss of height"
Osteoporosis,"bone pain, back pain, stooped posture"
Osteoporosis,"fractures, back pain, loss of height"
Osteoporosis,"back pain, loss of height, stooped posture"
Osteoporosis,"bone pain, fractures, back pain, loss of height, stooped posture"
Osteoporosis,"bone pain, fractures, back pain, loss of height"
Pancreatitis,"severe abdominal pain, nausea, vomiting"
Pancreatitis,"severe abdominal pain, vomiting, fever"
Pancreatitis,"severe abdominal pain, nausea, fever"
Pancreatitis,"nausea, vomiting, fever"
Pancreatitis,"severe abdominal pain, nausea, vomiting, fever"
Parkinson?s Disease,"slow movement, rigidity, balance problems"
Parkinson?s Disease,"tremor, slow movement, balance problems"
Parkinson?s Disease,"tremor, rigidity, balance problems"
Parkinson?s Disease,"tremor, slow movement, rigidity"
Parkinson?s Disease,"tremor, slow movement, rigidity, balance problems"
Peptic Ulcer,"burning stomach pain, nausea, loss of appetite"
Peptic Ulcer,"burning stomach pain, nausea, bloating, loss of appetite"
Peptic Ulcer,"burning stomach pain, nausea, bloating"
Peptic Ulcer,"burning stomach pain, bloating, loss of appetite"
Peptic Ulcer,"nausea, bloating, loss of appetite"
Pericarditis,"fever, weakness, sharp chest pain when breathing"
Pericarditis,"chest pain, fever, sharp chest pain when breathing"
Pericarditis,"chest pain, fever, weakness, sharp chest pain when breathing"
Pericarditis,"chest pain, weakness, sharp chest pain when breathing, heart palpitations"
Pericarditis,"fever, sharp chest pain when breathing, heart palpitations"
Pericarditis,"chest pain, fever, weakness"
Pericarditis,"chest pain, fever, sharp chest pain when breathing, heart palpitations"
Pericarditis,"chest pain, weakness, sharp chest pain when breathing"
Pericarditis,"weakness, sharp chest pain when breathing, heart palpitations"
Pericarditis,"fever, weakness, heart palpitations"
Pericarditis,"chest pain, fever, weakness, heart palpitations"
Pericarditis,"chest pain, fever, heart palpitations"
Pericarditis,"chest pain, fever, weakness, sharp chest pain when breathing, heart palpitations"
Pericarditis,"chest pain, sharp chest pain when breathing, heart palpitations"
Pericarditis,"fever, weakness, sharp chest pain when breathing, heart palpitations"
Pericarditis,"chest pain, weakness, heart palpitations"
Pneumonia,"fever, cough, shortness of breath, chills"
Pneumonia,"cough, shortness of breath, fatigue"
Pneumonia,"fever, chest pain, shortness of breath, fatigue"
Pneumonia,"fever, chest pain, shortness of breath, chills"
Pneumonia,"fever, cough, chills"
Pneumonia,"fever, cough, chest pain"
Pneumonia,"cough, chest pain, shortness of breath, fatigue"
Pneumonia,"fever, cough, chest pain, chills, fatigue"
Pneumonia,"cough, chills, fatigue"
Pneumonia,"fever, cough, chest pain, shortness of breath, fatigue"
Pneumonia,"fever, shortness of breath, chills"
Pneumonia,"fever, chest pain, shortness of breath, chills, fatigue"
Pneumonia,"shortness of breath, chills, fatigue"
Pneumonia,"fever, cough, chest pain, shortness of breath"
Pneumonia,"fever, cough, shortness of breath, fatigue"
Pneumonia,"cough, chest pain, shortness of breath, chills, fatigue"
Pneumonia,"cough, chest pain, fatigue"
Pneumonia,"fever, chest pain, shortness of breath"
Pneumonia,"fever, cough, chest pain, fatigue"
Pneumonia,"fever, cough, fatigue"
Pneumonia,"chest pain, shortness of breath, chills, fatigue"
Pneumonia,"fever, cough, chest pain, shortness of breath, chills"
Pneumonia,"cough, shortness of breath, chills"
Pneumonia,"cough, chest pain, shortness of breath, chills"
Pneumonia,"fever, cough, shortness of breath, chills, fatigue"
Pneumonia,"fever, shortness of breath, chills, fatigue"
Pneumonia,"chest pain, shortness of breath, fatigue"
Pneumonia,"fever, chest pain, fatigue"
Pneumonia,"fever, cough, chest pain, chills"
Pneumonia,"fever, shortness of breath, fatigue"
Pneumonia,"cough, shortness of breath, chills, fatigue"
Pneumonia,"cough, chest pain, shortness of breath"
Pneumonia,"cough, chest pain, chills, fatigue"
Pneumonia,"fever, cough, shortness of breath"
Pneumonia,"fever, chills, fatigue"
Pneumonia,"chest pain, chills, fatigue"
Pneumonia,"chest pain, shortness of breath, chills"
Pneumonia,"fever, chest pain, chills, fatigue"
Pneumonia,"fever, chest pain, chills"
Pneumonia,"cough, chest pain, chills"
Pneumonia,"fever, cough, chills, fatigue"
Psoriasis,"scaly skin, itching, skin flaking, skin dryness"
Psoriasis,"red patches, skin flaking, skin dryness"
Psoriasis,"itching, skin flaking, skin dryness"
Psoriasis,"red patches, scaly skin, itching"
Psoriasis,"scaly skin, itching, skin dryness"
Psoriasis,"red patches, scaly skin, skin dryness"
Psoriasis,"scaly skin, skin flaking, skin dryness"
Psoriasis,"red patches, scaly skin, skin flaking"
Psoriasis,"red patches, scaly skin, skin flaking, skin dryness"
Psoriasis,"red patches, itching, skin flaking"
Psoriasis,"red patches, itching, skin dryness"
Psoriasis,"scaly skin, itching, skin flaking"
Psoriasis,"red patches, scaly skin, itching, skin dryness"
Psoriasis,"red patches, itching, skin flaking, skin dryness"
Psoriasis,"red patches, scaly skin, itching, skin flaking"
Psoriasis,"red patches, scaly skin, itching, skin flaking, skin dryness"
Rheumatoid Arthritis,"joint pain, swelling, fatigue"
Rheumatoid Arthritis,"joint pain, swelling, fatigue, stiffness"
Rheumatoid Arthritis,"swelling, fatigue, stiffness"
Rheumatoid Arthritis,"joint pain, fatigue, stiffness"
Rheumatoid Arthritis,"joint pain, swelling, stiffness"
Rubella,"rash, fever, joint pain"
Rubella,"fever, headache, joint pain"
Rubella,"rash, fever, headache, joint pain"
Rubella,"rash, headache, joint pain"
Rubella,"rash, fever, headache"
Sinusitis,"facial pain, nasal congestion, runny nose"
Sinusitis,"nasal congestion, runny nose, fever"
Sinusitis,"facial pain, nasal congestion, fever"
Sinusitis,"headache, nasal congestion, runny nose, fever"
Sinusitis,"facial pain, runny nose, fever"
Sinusitis,"headache, facial pain, nasal congestion"
Sinusitis,"facial pain, nasal congestion, runny nose, fever"
Sinusitis,"headache, facial pain, runny nose, fever"
Sinusitis,"headache, facial pain, fever"
Sinusitis,"headache, nasal congestion, fever"
Sinusitis,"headache, runny nose, fever"
Sinusitis,"headache, facial pain, nasal congestion, runny nose"
Sinusitis,"headache, facial pain, runny nose"
Sinusitis,"headache, facial pain, nasal congestion, runny nose, fever"
Sinusitis,"headache, nasal congestion, runny nose"
Sinusitis,"headache, facial pain, nasal congestion, fever"
Stroke,"sudden weakness, confusion, trouble speaking"
Stroke,"sudden weakness, trouble speaking, vision problems"
Stroke,"confusion, trouble speaking, vision problems"
Stroke,"sudden weakness, confusion, vision problems"
Stroke,"sudden weakness, confusion, trouble speaking, vision problems"
Tension Headache,"headache, neck pain, fatigue, pressure around head"
Tension Headache,"headache, neck pain, pressure around head"
Tension Headache,"headache, neck pain, fatigue"
Tension Headache,"headache, fatigue, pressure around head"
Tension Headache,"neck pain, fatigue, pressure around head"
Tuberculosis,"persistent cough, night sweats, chest pain"
Tuberculosis,"weight loss, night sweats, fever, fatigue"
Tuberculosis,"persistent cough, night sweats, fever"
Tuberculosis,"weight loss, night sweats, fever, fatigue, chest pain"
Tuberculosis,"persistent cough, fever, chest pain"
Tuberculosis,"persistent cough, fatigue, chest pain"
Tuberculosis,"persistent cough, weight loss, fever, fatigue"
Tuberculosis,"persistent cough, weight loss, night sweats, fever, chest pain"
Tuberculosis,"persistent cough, fever, fatigue, chest pain"
Tuberculosis,"weight loss, night sweats, fatigue, chest pain"
Tuberculosis,"weight loss, night sweats, fatigue"
Tuberculosis,"weight loss, night sweats, fever"
Tuberculosis,"persistent cough, weight loss, night sweats, fever"
Tuberculosis,"night sweats, fatigue, chest pain"
Tuberculosis,"persistent cough, night sweats, fatigue, chest pain"
Tuberculosis,"weight loss, night sweats, chest pain"
Tuberculosis,"weight loss, fever, fatigue"
Tuberculosis,"night sweats, fever, fatigue, chest pain"
Tuberculosis,"persistent cough, weight loss, night sweats, fatigue"
Tuberculosis,"persistent cough, night sweats, fatigue"
Tuberculosis,"weight loss, fever, chest pain"
Tuberculosis,"persistent cough, night sweats, fever, chest pain"
Tuberculosis,"persistent cough, weight loss, night sweats, fever, fatigue"
Tuberculosis,"persistent cough, weight loss, night sweats, chest pain"
Tuberculosis,"persistent cough, night sweats, fever, fatigue"
Tuberculosis,"persistent cough, weight loss, night sweats"
Tuberculosis,"persistent cough, weight loss, night sweats, fatigue, chest pain"
Tuberculosis,"persistent cough, weight loss, fatigue, chest pain"
Tuberculosis,"persistent cough, night sweats, fever, fatigue, chest pain"
Tuberculosis,"persistent cough, fever, fatigue"
Tuberculosis,"night sweats, fever, chest pain"
Tuberculosis,"weight loss, fever, fatigue, chest pain"
Tuberculosis,"persistent cough, weight loss, chest pain"
Tuberculosis,"persistent cough, weight loss, fatigue"
Tuberculosis,"persistent cough, weight loss, fever"
Tuberculosis,"weight loss, fatigue, chest pain"
Tuberculosis,"night sweats, fever, fatigue"
Tuberculosis,"fever, fatigue, chest pain"
Tuberculosis,"weight loss, night sweats, fever, chest pain"
Tuberculosis,"persistent cough, weight loss, fever, chest pain"
Tuberculosis,"persistent cough, weight loss, fever, fatigue, chest pain"
Typhoid,"abdominal pain, weakness, loss of appetite"
Typhoid,"prolonged fever, weakness, headache"
Typhoid,"abdominal pain, weakness, loss of appetite, headache"
Typhoid,"prolonged fever, weakness, loss of appetite"
Typhoid,"prolonged fever, weakness, loss of appetite, headache"
Typhoid,"prolonged fever, abdominal pain, headache"
Typhoid,"prolonged fever, abdominal pain, loss of appetite, headache"
Typhoid,"prolonged fever, loss of appetite, headache"
Typhoid,"prolonged fever, abdominal pain, weakness"
Typhoid,"abdominal pain, weakness, headache"
Typhoid,"abdominal pain, loss of appetite, headache"
Typhoid,"weakness, loss of appetite, headache"
Typhoid,"prolonged fever, abdominal pain, loss of appetite"
Typhoid,"prolonged fever, abdominal pain, weakness, loss of appetite, headache"
Typhoid,"prolonged fever, abdominal pain, weakness, loss of appetite"
Typhoid,"prolonged fever, abdominal pain, weakness, headache"
Urinary Tract Infection,"burning urination, cloudy urine, strong urine odor"
Urinary Tract Infection,"burning urination, frequent urination, pelvic pain, cloudy urine, strong urine odor"
Urinary Tract Infection,"burning urination, pelvic pain, strong urine odor"
Urinary Tract Infection,"frequent urination, pelvic pain, cloudy urine, strong urine odor"
Urinary Tract Infection,"burning urination, frequent urination, strong urine odor"
Urinary Tract Infection,"burning urination, pelvic pain, cloudy urine"
Urinary Tract Infection,"frequent urination, pelvic pain, cloudy urine"
Urinary Tract Infection,"frequent urination, cloudy urine, strong urine odor"
Urinary Tract Infection,"burning urination, frequent urination, pelvic pain"
Urinary Tract Infection,"burning urination, pelvic pain, cloudy urine, strong urine odor"
Urinary Tract Infection,"burning urination, frequent urination, cloudy urine, strong urine odor"
Urinary Tract Infection,"burning urination, frequent urination, cloudy urine"
Urinary Tract Infection,"burning urination, frequent urination, pelvic pain, cloudy urine"
Urinary Tract Infection,"pelvic pain, cloudy urine, strong urine odor"
Urinary Tract Infection,"burning urination, frequent urination, pelvic pain, strong urine odor"
Urinary Tract Infection,"frequent urination, pelvic pain, strong urine odor"
Vertigo,"balance problems, nausea, spinning sensation, head movement sensitivity"
Vertigo,"balance problems, nausea, spinning sensation"
Vertigo,"dizziness, nausea, spinning sensation"
Vertigo,"dizziness, nausea, head movement sensitivity"
Vertigo,"nausea, spinning sensation, head movement sensitivity"
Vertigo,"dizziness, balance problems, nausea, head movement sensitivity"
Vertigo,"dizziness, balance problems, nausea, spinning sensation"
Vertigo,"dizziness, balance problems, head movement sensitivity"
Vertigo,"dizziness, balance problems, spinning sensation, head movement sensitivity"
Vertigo,"dizziness, balance problems, nausea"
Vertigo,"dizziness, spinning sensation, head movement sensitivity"
Vertigo,"dizziness, nausea, spinning sensation, head movement sensitivity"
Vertigo,"dizziness, balance problems, nausea, spinning sensation, head movement sensitivity"
Vertigo,"balance problems, spinning sensation, head movement sensitivity"
Vertigo,"balance problems, nausea, head movement sensitivity"
Vertigo,"dizziness, balance problems, spinning sensation"
Vitamin B12 Deficiency,"numbness, weakness, dizziness"
Vitamin B12 Deficiency,"fatigue, numbness, dizziness"
Vitamin B12 Deficiency,"fatigue, numbness, weakness, dizziness"
Vitamin B12 Deficiency,"fatigue, numbness, weakness"
Vitamin B12 Deficiency,"fatigue, weakness, dizziness"
Vitamin D Deficiency,"fatigue, muscle weakness, frequent bone fractures"
Vitamin D Deficiency,"bone pain, fatigue, bone tenderness"
Vitamin D Deficiency,"bone pain, muscle weakness, bone tenderness"
Vitamin D Deficiency,"bone pain, fatigue, muscle weakness, frequent bone fractures"
Vitamin D Deficiency,"muscle weakness, bone tenderness, frequent bone fractures"
Vitamin D Deficiency,"bone pain, muscle weakness, bone tenderness, frequent bone fractures"
Vitamin D Deficiency,"bone pain, fatigue, muscle weakness, bone tenderness"
Vitamin D Deficiency,"bone pain, fatigue, muscle weakness"
Vitamin D Deficiency,"bone pain, fatigue, muscle weakness, bone tenderness, frequent bone fractures"
Vitamin D Deficiency,"fatigue, muscle weakness, bone tenderness, frequent bone fractures"
Vitamin D Deficiency,"bone pain, fatigue, bone tenderness, frequent bone fractures"
Vitamin D Deficiency,"bone pain, muscle weakness, frequent bone fractures"
Vitamin D Deficiency,"fatigue, bone tenderness, frequent bone fractures"
Vitamin D Deficiency,"bone pain, bone tenderness, frequent bone fractures"
Vitamin D Deficiency,"fatigue, muscle weakness, bone tenderness"
Vitamin D Deficiency,"bone pain, fatigue, frequent bone fractures"
