disease,symptoms,,,,,,,
Common Cold,"runny nose,sneezing,sore throat,cough,congestion,headache",runny nose,sneezing,sore throat,cough,congestion,headache,
Influenza,"fever,chills,cough,fatigue,muscle pain,headache,sore throat",fever,chills,cough,fatigue,muscle pain,headache,sore throat
COVID-19,"fever,dry cough,fatigue,loss of smell,loss of taste,shortness of breath",fever,dry cough,fatigue,loss of smell,loss of taste,shortness of breath,
Pneumonia,"fever,cough,chest pain,shortness of breath,chills,fatigue",fever,cough,chest pain,shortness of breath,chills,fatigue,
Bronchitis,"cough,mucus production,fatigue,shortness of breath,chest discomfort",cough,mucus production,fatigue,shortness of breath,chest discomfort,,
Asthma,"wheezing,shortness of breath,chest tightness,cough,fatigue",wheezing,shortness of breath,chest tightness,cough,fatigue,,
Tuberculosis,"persistent cough,weight loss,night sweats,fever,fatigue,chest pain",persistent cough,weight loss,night sweats,fever,fatigue,chest pain,
Sinusitis,"headache,facial pain,nasal congestion,runny nose,fever",headache,facial pain,nasal congestion,runny nose,fever,,
Allergic Rhinitis,"sneezing,runny nose,itchy eyes,nasal congestion,watery eyes",sneezing,runny nose,itchy eyes,nasal congestion,watery eyes,,
COPD,"chronic cough,shortness of breath,wheezing,fatigue,chest tightness",chronic cough,shortness of breath,wheezing,fatigue,chest tightness,,
Dengue,"high fever,severe headache,joint pain,muscle pain,rash,nausea",high fever,severe headache,joint pain,muscle pain,rash,nausea,
Malaria,"fever,chills,sweating,headache,nausea,fatigue",fever,chills,sweating,headache,nausea,fatigue,
Typhoid,"prolonged fever,abdominal pain,weakness,loss of appetite,headache",prolonged fever,abdominal pain,weakness,loss of appetite,headache,,
Chickenpox,"rash,fever,fatigue,loss of appetite,headache",rash,fever,fatigue,loss of appetite,headache,,
Measles,"rash,fever,cough,runny nose,red eyes",rash,fever,cough,runny nose,red eyes,,
Mumps,"swollen glands,fever,headache,muscle pain,fatigue",swollen glands,fever,headache,muscle pain,fatigue,,
Rubella,"rash,fever,headache,joint pain",rash,fever,headache,joint pain,,,
Hepatitis A,"fatigue,nausea,abdominal pain,loss of appetite,jaundice",fatigue,nausea,abdominal pain,loss of appetite,jaundice,,
Hepatitis B,"fatigue,nausea,abdominal pain,jaundice,joint pain",fatigue,nausea,abdominal pain,jaundice,joint pain,,
Hepatitis C,"fatigue,nausea,abdominal discomfort,jaundice,loss of appetite",fatigue,nausea,abdominal discomfort,jaundice,loss of appetite,,
Gastritis,"abdominal pain,nausea,vomiting,bloating,loss of appetite",abdominal pain,nausea,vomiting,bloating,loss of appetite,,
GERD,"heartburn,chest discomfort,nausea,regurgitation,sore throat",heartburn,chest discomfort,nausea,regurgitation,sore throat,,
Appendicitis,"severe abdominal pain,nausea,vomiting,fever,loss of appetite",severe abdominal pain,nausea,vomiting,fever,loss of appetite,,
Food Poisoning,"nausea,vomiting,diarrhea,abdominal cramps,fever",nausea,vomiting,diarrhea,abdominal cramps,fever,,
Irritable Bowel Syndrome,"abdominal pain,bloating,diarrhea,constipation",abdominal pain,bloating,diarrhea,constipation,,,
Peptic Ulcer,"burning stomach pain,nausea,bloating,loss of appetite",burning stomach pain,nausea,bloating,loss of appetite,,,
Gallstones,"abdominal pain,nausea,vomiting,indigestion",abdominal pain,nausea,vomiting,indigestion,,,
Pancreatitis,"severe abdominal pain,nausea,vomiting,fever",severe abdominal pain,nausea,vomiting,fever,,,
Diarrhea,"watery stools,abdominal cramps,nausea,weakness",watery stools,abdominal cramps,nausea,weakness,,,
Migraine,"headache,nausea,vomiting,light sensitivity,blurred vision",headache,nausea,vomiting,light sensitivity,blurred vision,,
Tension Headache,"headache,neck pain,fatigue,pressure around head",headache,neck pain,fatigue,pressure around head,,,
Stroke,"sudden weakness,confusion,trouble speaking,vision problems",sudden weakness,confusion,trouble speaking,vision problems,,,
Parkinson’s Disease,"tremor,slow movement,rigidity,balance problems",tremor,slow movement,rigidity,balance problems,,,
Multiple Sclerosis,"numbness,weakness,vision problems,fatigue",numbness,weakness,vision problems,fatigue,,,
Meningitis,"fever,stiff neck,headache,nausea,confusion",fever,stiff neck,headache,nausea,confusion,,
Brain Tumor,"persistent headache,vision problems,nausea,seizures",persistent headache,vision problems,nausea,seizures,,,
Hypertension,"headache,chest pain,vision problems,fatigue",headache,chest pain,vision problems,fatigue,,,
Heart Attack,"chest pain,shortness of breath,nausea,sweating,arm pain",chest pain,shortness of breath,nausea,sweating,arm pain,,
Arrhythmia,"palpitations,dizziness,fatigue,shortness of breath",palpitations,dizziness,fatigue,shortness of breath,,,
Heart Failure,"shortness of breath,fatigue,swelling in legs,cough",shortness of breath,fatigue,swelling in legs,cough,,,
Diabetes Type 1,"frequent urination,increased thirst,fatigue,weight loss",frequent urination,increased thirst,fatigue,weight loss,,,
Diabetes Type 2,"frequent urination,increased thirst,fatigue,blurred vision",frequent urination,increased thirst,fatigue,blurred vision,,,
Hypothyroidism,"fatigue,weight gain,cold sensitivity,slow heart rate",fatigue,weight gain,cold sensitivity,slow heart rate,,,
Hyperthyroidism,"weight loss,rapid heartbeat,anxiety,sweating",weight loss,rapid heartbeat,anxiety,sweating,,,
Anemia,"fatigue,weakness,pale skin,shortness of breath",fatigue,weakness,pale skin,shortness of breath,,,
Vitamin B12 Deficiency,"fatigue,numbness,weakness,dizziness",fatigue,numbness,weakness,dizziness,,,
Kidney Stones,"severe abdominal pain,back pain,nausea,blood in urine",severe abdominal pain,back pain,nausea,blood in urine,,,
Kidney Infection,"fever,back pain,nausea,frequent urination",fever,back pain,nausea,frequent urination,,,
Chronic Kidney Disease,"fatigue,swelling in legs,nausea,loss of appetite",fatigue,swelling in legs,nausea,loss of appetite,,,
Arthritis,"joint pain,stiffness,swelling,reduced movement",joint pain,stiffness,swelling,reduced movement,,,
Rheumatoid Arthritis,"joint pain,swelling,fatigue,stiffness",joint pain,swelling,fatigue,stiffness,,,
Constipation,"abdominal discomfort,bloating,infrequent stools,straining during bowel movements,hard stools",abdominal discomfort,bloating,infrequent stools,straining during bowel movements,hard stools,,
Epilepsy,"seizures,confusion,loss of awareness,temporary staring spells,uncontrolled jerking movements",seizures,confusion,loss of awareness,temporary staring spells,uncontrolled jerking movements,,
Vertigo,"dizziness,balance problems,nausea,spinning sensation,head movement sensitivity",dizziness,balance problems,nausea,spinning sensation,head movement sensitivity,,
Bell’s Palsy,"facial weakness,drooping eyelid,difficulty speaking,loss of facial expression,drooling",facial weakness,drooping eyelid,difficulty speaking,loss of facial expression,drooling,,
Angina,"chest pain,shortness of breath,fatigue,chest tightness,pressure in chest",chest pain,shortness of breath,fatigue,chest tightness,pressure in chest,,
Atherosclerosis,"chest pain,shortness of breath,fatigue,leg pain during walking,numbness in limbs",chest pain,shortness of breath,fatigue,leg pain during walking,numbness in limbs,,
Pericarditis,"chest pain,fever,weakness,sharp chest pain when breathing,heart palpitations",chest pain,fever,weakness,sharp chest pain when breathing,heart palpitations,,
Cardiomyopathy,"fatigue,shortness of breath,swelling in legs,irregular heartbeat,dizziness",fatigue,shortness of breath,swelling in legs,irregular heartbeat,dizziness,,
Vitamin D Deficiency,"bone pain,fatigue,muscle weakness,bone tenderness,frequent bone fractures",bone pain,fatigue,muscle weakness,bone tenderness,frequent bone fractures,,
Obesity,"fatigue,shortness of breath,joint pain,excessive sweating,snoring",fatigue,shortness of breath,joint pain,excessive sweating,snoring,,
Urinary Tract Infection,"burning urination,frequent urination,pelvic pain,cloudy urine,strong urine odor",burning urination,frequent urination,pelvic pain,cloudy urine,strong urine odor,,
Nephritis,"swelling in face,high blood pressure,foamy urine,fatigue,decreased urine output",swelling in face,high blood pressure,foamy urine,fatigue,decreased urine output,,
Osteoporosis,"bone pain,fractures,back pain,loss of height,stooped posture",bone pain,fractures,back pain,loss of height,stooped posture,,
Gout,"severe joint pain,swelling,redness in joints,joint stiffness,warm joints",severe joint pain,swelling,redness in joints,joint stiffness,warm joints,,
Muscle Strain,"muscle pain,swelling,limited movement,muscle stiffness,bruising",muscle pain,swelling,limited movement,muscle stiffness,bruising,,
Eczema,"itchy skin,red rash,dry skin,skin cracking,skin inflammation",itchy skin,red rash,dry skin,skin cracking,skin inflammation,,
Psoriasis,"red patches,scaly skin,itching,skin flaking,skin dryness",red patches,scaly skin,itching,skin flaking,skin dryness,,
Acne,"pimples,redness,skin inflammation,whiteheads,blackheads",pimples,redness,skin inflammation,whiteheads,blackheads,,
Fungal Infection,"itching,red rash,skin peeling,burning sensation,skin irritation",itching,red rash,skin peeling,burning sensation,skin irritation,,
Cellulitis,"skin redness,swelling,pain,warm skin,fever",skin redness,swelling,pain,warm skin,fever,,
